ec5_uuid,created_at,uploaded_at,title,date_measured,time_started,surveyors,plot,treatment,subplot,subsubplot,photo_of_1x1,notes_for_plot,number_individuals,title,code_taxon,code,taxon,percent_cover,photo_if_needed,notes_if_needed,,,,,
8ae1fce2-40b8-4e08-b3bf-aafa83c7337b,2023-08-27T13:48:00.000Z,2023-08-27T13:48:05.000Z,12_SW_NE,2023-08-27,8:44 AM,"Kelly, Monika",12,Fence,SW,NE,https://five.epicollect.net/api/media/nutnet-lubb-communitycomp?type=photo&format=entry_original&name=8ae1fce2-40b8-4e08-b3bf-aafa83c7337b_1693143883.jpg,Plot resurveyed incorrect subsubplot sampled on 20230826,4,BOGR_bouteloua gracilis 16,BOGR_bouteloua gracilis,BOGR,bouteloua gracilis,16,,,,,,,
8ae1fce2-40b8-4e08-b3bf-aafa83c7337b,2023-08-27T13:48:00.000Z,2023-08-27T13:48:05.000Z,12_SW_NE,2023-08-27,8:44 AM,"Kelly, Monika",12,Fence,SW,NE,https://five.epicollect.net/api/media/nutnet-lubb-communitycomp?type=photo&format=entry_original&name=8ae1fce2-40b8-4e08-b3bf-aafa83c7337b_1693143883.jpg,Plot resurveyed incorrect subsubplot sampled on 20230826,4,SOEL_Solanum elaeagnifolium 2,SOEL_Solanum elaeagnifolium,SOEL,Solanum elaeagnifolium,2,,,,,,,
8ae1fce2-40b8-4e08-b3bf-aafa83c7337b,2023-08-27T13:48:00.000Z,2023-08-27T13:48:05.000Z,12_SW_NE,2023-08-27,8:44 AM,"Kelly, Monika",12,Fence,SW,NE,https://five.epicollect.net/api/media/nutnet-lubb-communitycomp?type=photo&format=entry_original&name=8ae1fce2-40b8-4e08-b3bf-aafa83c7337b_1693143883.jpg,Plot resurveyed incorrect subsubplot sampled on 20230826,4,CHIN_Chenopodium incanum 42,CHIN_Chenopodium incanum,CHIN,Chenopodium incanum,42,,,,,,,
8ae1fce2-40b8-4e08-b3bf-aafa83c7337b,2023-08-27T13:48:00.000Z,2023-08-27T13:48:05.000Z,12_SW_NE,2023-08-27,8:44 AM,"Kelly, Monika",12,Fence,SW,NE,https://five.epicollect.net/api/media/nutnet-lubb-communitycomp?type=photo&format=entry_original&name=8ae1fce2-40b8-4e08-b3bf-aafa83c7337b_1693143883.jpg,Plot resurveyed incorrect subsubplot sampled on 20230826,4,other_litter 85,other_litter,other,litter,85,,,,,,,
a4b81f13-3027-452b-b6db-6b4289004938,2023-08-26T15:09:33.000Z,2023-08-26T15:16:10.000Z,14_NE_SE,2023-08-26,10:08 AM,"Kelly, Monika",14,P,NE,SE,https://five.epicollect.net/api/media/nutnet-lubb-communitycomp?type=photo&format=entry_original&name=a4b81f13-3027-452b-b6db-6b4289004938_1693062842.jpg,subsubplot changed to SE due to overlap with biomass sampling,5,SOEL_Solanum elaeagnifolium 1,SOEL_Solanum elaeagnifolium,SOEL,Solanum elaeagnifolium,1,,,,,,,
a4b81f13-3027-452b-b6db-6b4289004938,2023-08-26T15:09:33.000Z,2023-08-26T15:16:10.000Z,14_NE_SE,2023-08-26,10:08 AM,"Kelly, Monika",14,P,NE,SE,https://five.epicollect.net/api/media/nutnet-lubb-communitycomp?type=photo&format=entry_original&name=a4b81f13-3027-452b-b6db-6b4289004938_1693062842.jpg,subsubplot changed to SE due to overlap with biomass sampling,5,SATR_salsola tragus 1,SATR_salsola tragus,SATR,salsola tragus,1,,,,,,,
a4b81f13-3027-452b-b6db-6b4289004938,2023-08-26T15:09:33.000Z,2023-08-26T15:16:10.000Z,14_NE_SE,2023-08-26,10:08 AM,"Kelly, Monika",14,P,NE,SE,https://five.epicollect.net/api/media/nutnet-lubb-communitycomp?type=photo&format=entry_original&name=a4b81f13-3027-452b-b6db-6b4289004938_1693062842.jpg,subsubplot changed to SE due to overlap with biomass sampling,5,BOGR_bouteloua gracilis 7,BOGR_bouteloua gracilis,BOGR,bouteloua gracilis,7,,,,,,,
a4b81f13-3027-452b-b6db-6b4289004938,2023-08-26T15:09:33.000Z,2023-08-26T15:16:10.000Z,14_NE_SE,2023-08-26,10:08 AM,"Kelly, Monika",14,P,NE,SE,https://five.epicollect.net/api/media/nutnet-lubb-communitycomp?type=photo&format=entry_original&name=a4b81f13-3027-452b-b6db-6b4289004938_1693062842.jpg,subsubplot changed to SE due to overlap with biomass sampling,5,CHIN_Chenopodium incanum 50,CHIN_Chenopodium incanum,CHIN,Chenopodium incanum,50,,,,,,,
a4b81f13-3027-452b-b6db-6b4289004938,2023-08-26T15:09:33.000Z,2023-08-26T15:16:10.000Z,14_NE_SE,2023-08-26,10:08 AM,"Kelly, Monika",14,P,NE,SE,https://five.epicollect.net/api/media/nutnet-lubb-communitycomp?type=photo&format=entry_original&name=a4b81f13-3027-452b-b6db-6b4289004938_1693062842.jpg,subsubplot changed to SE due to overlap with biomass sampling,5,other_litter 94,other_litter,other,litter,94,,,,,,,
ff30d6ff-ed48-43a7-abd8-8b95107f0ea2,2023-08-27T13:10:37.000Z,2023-08-27T13:10:42.000Z,35_NW_SW,2023-08-27,8:05 AM,"Kelly, Monika",35,Fence,NW,SW,https://five.epicollect.net/api/media/nutnet-lubb-communitycomp?type=photo&format=entry_original&name=ff30d6ff-ed48-43a7-abd8-8b95107f0ea2_1693141532.jpg,Plot resurveyed incorrect subsubplot sampled on 20230826,5,BOGR_bouteloua gracilis 10,BOGR_bouteloua gracilis,BOGR,bouteloua gracilis,10,,,,,,,
ff30d6ff-ed48-43a7-abd8-8b95107f0ea2,2023-08-27T13:10:37.000Z,2023-08-27T13:10:42.000Z,35_NW_SW,2023-08-27,8:05 AM,"Kelly, Monika",35,Fence,NW,SW,https://five.epicollect.net/api/media/nutnet-lubb-communitycomp?type=photo&format=entry_original&name=ff30d6ff-ed48-43a7-abd8-8b95107f0ea2_1693141532.jpg,Plot resurveyed incorrect subsubplot sampled on 20230826,5,2plant (notes required) 25,2plant (notes required),2plant (notes required),notes,25,https://five.epicollect.net/api/media/nutnet-lubb-communitycomp?type=photo&format=entry_original&name=4fdf9f7d-a7eb-4e36-a9df-d4e16ed04b37_1693141763.jpg,Asteraceae sp. maybe gutierrezia sarothrae?,,,,,
ff30d6ff-ed48-43a7-abd8-8b95107f0ea2,2023-08-27T13:10:37.000Z,2023-08-27T13:10:42.000Z,35_NW_SW,2023-08-27,8:05 AM,"Kelly, Monika",35,Fence,NW,SW,https://five.epicollect.net/api/media/nutnet-lubb-communitycomp?type=photo&format=entry_original&name=ff30d6ff-ed48-43a7-abd8-8b95107f0ea2_1693141532.jpg,Plot resurveyed incorrect subsubplot sampled on 20230826,5,CHIN_Chenopodium incanum 20,CHIN_Chenopodium incanum,CHIN,Chenopodium incanum,20,,,,,,,
ff30d6ff-ed48-43a7-abd8-8b95107f0ea2,2023-08-27T13:10:37.000Z,2023-08-27T13:10:42.000Z,35_NW_SW,2023-08-27,8:05 AM,"Kelly, Monika",35,Fence,NW,SW,https://five.epicollect.net/api/media/nutnet-lubb-communitycomp?type=photo&format=entry_original&name=ff30d6ff-ed48-43a7-abd8-8b95107f0ea2_1693141532.jpg,Plot resurveyed incorrect subsubplot sampled on 20230826,5,other_litter 65,other_litter,other,litter,65,,,,,,,
ff30d6ff-ed48-43a7-abd8-8b95107f0ea2,2023-08-27T13:10:37.000Z,2023-08-27T13:10:42.000Z,35_NW_SW,2023-08-27,8:05 AM,"Kelly, Monika",35,Fence,NW,SW,https://five.epicollect.net/api/media/nutnet-lubb-communitycomp?type=photo&format=entry_original&name=ff30d6ff-ed48-43a7-abd8-8b95107f0ea2_1693141532.jpg,Plot resurveyed incorrect subsubplot sampled on 20230826,5,other_bare soil 6,other_bare soil,other,bare soil,6,,,,,,,
47e4a016-a406-48dd-8fdd-e0511063af30,2023-08-27T12:48:24.000Z,2023-08-27T12:48:31.000Z,27_SW_SE,2023-08-27,7:45 AM,"Kelly, Monika",27,NPK,SW,SE,https://five.epicollect.net/api/media/nutnet-lubb-communitycomp?type=photo&format=entry_original&name=47e4a016-a406-48dd-8fdd-e0511063af30_1693140383.jpg,Plot resurveyed incorrect subsubplot sampled on 20230826,5,ZIGR_zinnia grandiflora 1,ZIGR_zinnia grandiflora,ZIGR,zinnia grandiflora,1,,,,,,,
47e4a016-a406-48dd-8fdd-e0511063af30,2023-08-27T12:48:24.000Z,2023-08-27T12:48:31.000Z,27_SW_SE,2023-08-27,7:45 AM,"Kelly, Monika",27,NPK,SW,SE,https://five.epicollect.net/api/media/nutnet-lubb-communitycomp?type=photo&format=entry_original&name=47e4a016-a406-48dd-8fdd-e0511063af30_1693140383.jpg,Plot resurveyed incorrect subsubplot sampled on 20230826,5,BOGR_bouteloua gracilis 2,BOGR_bouteloua gracilis,BOGR,bouteloua gracilis,2,,,,,,,
47e4a016-a406-48dd-8fdd-e0511063af30,2023-08-27T12:48:24.000Z,2023-08-27T12:48:31.000Z,27_SW_SE,2023-08-27,7:45 AM,"Kelly, Monika",27,NPK,SW,SE,https://five.epicollect.net/api/media/nutnet-lubb-communitycomp?type=photo&format=entry_original&name=47e4a016-a406-48dd-8fdd-e0511063af30_1693140383.jpg,Plot resurveyed incorrect subsubplot sampled on 20230826,5,CHIN_Chenopodium incanum 40,CHIN_Chenopodium incanum,CHIN,Chenopodium incanum,40,,,,,,,
47e4a016-a406-48dd-8fdd-e0511063af30,2023-08-27T12:48:24.000Z,2023-08-27T12:48:31.000Z,27_SW_SE,2023-08-27,7:45 AM,"Kelly, Monika",27,NPK,SW,SE,https://five.epicollect.net/api/media/nutnet-lubb-communitycomp?type=photo&format=entry_original&name=47e4a016-a406-48dd-8fdd-e0511063af30_1693140383.jpg,Plot resurveyed incorrect subsubplot sampled on 20230826,5,other_litter 98,other_litter,other,litter,98,,,,,,,
47e4a016-a406-48dd-8fdd-e0511063af30,2023-08-27T12:48:24.000Z,2023-08-27T12:48:31.000Z,27_SW_SE,2023-08-27,7:45 AM,"Kelly, Monika",27,NPK,SW,SE,https://five.epicollect.net/api/media/nutnet-lubb-communitycomp?type=photo&format=entry_original&name=47e4a016-a406-48dd-8fdd-e0511063af30_1693140383.jpg,Plot resurveyed incorrect subsubplot sampled on 20230826,5,other_bare soil 1,other_bare soil,other,bare soil,1,,,,,,,
49d59884-5435-4af2-9a36-99bee84f8f32,2023-08-26T17:13:08.000Z,2023-08-26T17:13:38.000Z,36_SW_NW,2023-08-26,12:11 PM,"Kelly, Monika",36,K,SW,NW,https://five.epicollect.net/api/media/nutnet-lubb-communitycomp?type=photo&format=entry_original&name=49d59884-5435-4af2-9a36-99bee84f8f32_1693069911.jpg,0,6,SOEL_Solanum elaeagnifolium 2,SOEL_Solanum elaeagnifolium,SOEL,Solanum elaeagnifolium,2,,,,,,,
49d59884-5435-4af2-9a36-99bee84f8f32,2023-08-26T17:13:08.000Z,2023-08-26T17:13:38.000Z,36_SW_NW,2023-08-26,12:11 PM,"Kelly, Monika",36,K,SW,NW,https://five.epicollect.net/api/media/nutnet-lubb-communitycomp?type=photo&format=entry_original&name=49d59884-5435-4af2-9a36-99bee84f8f32_1693069911.jpg,0,6,BOGR_bouteloua gracilis 1,BOGR_bouteloua gracilis,BOGR,bouteloua gracilis,1,,,,,,,
49d59884-5435-4af2-9a36-99bee84f8f32,2023-08-26T17:13:08.000Z,2023-08-26T17:13:38.000Z,36_SW_NW,2023-08-26,12:11 PM,"Kelly, Monika",36,K,SW,NW,https://five.epicollect.net/api/media/nutnet-lubb-communitycomp?type=photo&format=entry_original&name=49d59884-5435-4af2-9a36-99bee84f8f32_1693069911.jpg,0,6,SATR_salsola tragus 10,SATR_salsola tragus,SATR,salsola tragus,10,,,,,,,
49d59884-5435-4af2-9a36-99bee84f8f32,2023-08-26T17:13:08.000Z,2023-08-26T17:13:38.000Z,36_SW_NW,2023-08-26,12:11 PM,"Kelly, Monika",36,K,SW,NW,https://five.epicollect.net/api/media/nutnet-lubb-communitycomp?type=photo&format=entry_original&name=49d59884-5435-4af2-9a36-99bee84f8f32_1693069911.jpg,0,6,CHIN_Chenopodium incanum 45,CHIN_Chenopodium incanum,CHIN,Chenopodium incanum,45,,,,,,,
49d59884-5435-4af2-9a36-99bee84f8f32,2023-08-26T17:13:08.000Z,2023-08-26T17:13:38.000Z,36_SW_NW,2023-08-26,12:11 PM,"Kelly, Monika",36,K,SW,NW,https://five.epicollect.net/api/media/nutnet-lubb-communitycomp?type=photo&format=entry_original&name=49d59884-5435-4af2-9a36-99bee84f8f32_1693069911.jpg,0,6,other_litter 98,other_litter,other,litter,98,,,,,,,
49d59884-5435-4af2-9a36-99bee84f8f32,2023-08-26T17:13:08.000Z,2023-08-26T17:13:38.000Z,36_SW_NW,2023-08-26,12:11 PM,"Kelly, Monika",36,K,SW,NW,https://five.epicollect.net/api/media/nutnet-lubb-communitycomp?type=photo&format=entry_original&name=49d59884-5435-4af2-9a36-99bee84f8f32_1693069911.jpg,0,6,other_bare soil 2,other_bare soil,other,bare soil,2,,,,,,,
bc1017e3-30e7-4c35-b252-555a1755b59b,2023-08-26T17:08:46.000Z,2023-08-26T17:08:50.000Z,29_NE_NE,2023-08-26,12:06 PM,"Kelly, Monika",29,NPK,NE,NE,https://five.epicollect.net/api/media/nutnet-lubb-communitycomp?type=photo&format=entry_original&name=bc1017e3-30e7-4c35-b252-555a1755b59b_1693069619.jpg,0,4,CHIN_Chenopodium incanum 30,CHIN_Chenopodium incanum,CHIN,Chenopodium incanum,30,,,,,,,
bc1017e3-30e7-4c35-b252-555a1755b59b,2023-08-26T17:08:46.000Z,2023-08-26T17:08:50.000Z,29_NE_NE,2023-08-26,12:06 PM,"Kelly, Monika",29,NPK,NE,NE,https://five.epicollect.net/api/media/nutnet-lubb-communitycomp?type=photo&format=entry_original&name=bc1017e3-30e7-4c35-b252-555a1755b59b_1693069619.jpg,0,4,SATR_salsola tragus 6,SATR_salsola tragus,SATR,salsola tragus,6,,,,,,,
bc1017e3-30e7-4c35-b252-555a1755b59b,2023-08-26T17:08:46.000Z,2023-08-26T17:08:50.000Z,29_NE_NE,2023-08-26,12:06 PM,"Kelly, Monika",29,NPK,NE,NE,https://five.epicollect.net/api/media/nutnet-lubb-communitycomp?type=photo&format=entry_original&name=bc1017e3-30e7-4c35-b252-555a1755b59b_1693069619.jpg,0,4,other_litter 96,other_litter,other,litter,96,,,,,,,
bc1017e3-30e7-4c35-b252-555a1755b59b,2023-08-26T17:08:46.000Z,2023-08-26T17:08:50.000Z,29_NE_NE,2023-08-26,12:06 PM,"Kelly, Monika",29,NPK,NE,NE,https://five.epicollect.net/api/media/nutnet-lubb-communitycomp?type=photo&format=entry_original&name=bc1017e3-30e7-4c35-b252-555a1755b59b_1693069619.jpg,0,4,other_bare soil 4,other_bare soil,other,bare soil,4,,,,,,,
00a113e7-8b71-4827-9e5a-e55fbfcfaa6c,2023-08-26T17:03:57.000Z,2023-08-26T17:04:01.000Z,30_NW_NE,2023-08-26,12:02 PM,"Kelly, Monika",30,P,NW,NE,https://five.epicollect.net/api/media/nutnet-lubb-communitycomp?type=photo&format=entry_original&name=00a113e7-8b71-4827-9e5a-e55fbfcfaa6c_1693069362.jpg,0,5,SATR_salsola tragus 4,SATR_salsola tragus,SATR,salsola tragus,4,,,,,,,
00a113e7-8b71-4827-9e5a-e55fbfcfaa6c,2023-08-26T17:03:57.000Z,2023-08-26T17:04:01.000Z,30_NW_NE,2023-08-26,12:02 PM,"Kelly, Monika",30,P,NW,NE,https://five.epicollect.net/api/media/nutnet-lubb-communitycomp?type=photo&format=entry_original&name=00a113e7-8b71-4827-9e5a-e55fbfcfaa6c_1693069362.jpg,0,5,CHIN_Chenopodium incanum 22,CHIN_Chenopodium incanum,CHIN,Chenopodium incanum,22,,,,,,,
00a113e7-8b71-4827-9e5a-e55fbfcfaa6c,2023-08-26T17:03:57.000Z,2023-08-26T17:04:01.000Z,30_NW_NE,2023-08-26,12:02 PM,"Kelly, Monika",30,P,NW,NE,https://five.epicollect.net/api/media/nutnet-lubb-communitycomp?type=photo&format=entry_original&name=00a113e7-8b71-4827-9e5a-e55fbfcfaa6c_1693069362.jpg,0,5,SOEL_Solanum elaeagnifolium 6,SOEL_Solanum elaeagnifolium,SOEL,Solanum elaeagnifolium,6,,,,,,,
00a113e7-8b71-4827-9e5a-e55fbfcfaa6c,2023-08-26T17:03:57.000Z,2023-08-26T17:04:01.000Z,30_NW_NE,2023-08-26,12:02 PM,"Kelly, Monika",30,P,NW,NE,https://five.epicollect.net/api/media/nutnet-lubb-communitycomp?type=photo&format=entry_original&name=00a113e7-8b71-4827-9e5a-e55fbfcfaa6c_1693069362.jpg,0,5,other_litter 96,other_litter,other,litter,96,,,,,,,
00a113e7-8b71-4827-9e5a-e55fbfcfaa6c,2023-08-26T17:03:57.000Z,2023-08-26T17:04:01.000Z,30_NW_NE,2023-08-26,12:02 PM,"Kelly, Monika",30,P,NW,NE,https://five.epicollect.net/api/media/nutnet-lubb-communitycomp?type=photo&format=entry_original&name=00a113e7-8b71-4827-9e5a-e55fbfcfaa6c_1693069362.jpg,0,5,other_bare soil 3,other_bare soil,other,bare soil,3,,,,,,,
a624a62b-2739-402b-ab8b-53be668e15d5,2023-08-26T16:57:46.000Z,2023-08-26T16:59:02.000Z,37_SW_SW,2023-08-26,11:57 AM,"Kelly, Monika",37,Control,SW,SW,https://five.epicollect.net/api/media/nutnet-lubb-communitycomp?type=photo&format=entry_original&name=a624a62b-2739-402b-ab8b-53be668e15d5_1693069039.jpg,0,6,SATR_salsola tragus 7,SATR_salsola tragus,SATR,salsola tragus,7,,,,,,,
a624a62b-2739-402b-ab8b-53be668e15d5,2023-08-26T16:57:46.000Z,2023-08-26T16:59:02.000Z,37_SW_SW,2023-08-26,11:57 AM,"Kelly, Monika",37,Control,SW,SW,https://five.epicollect.net/api/media/nutnet-lubb-communitycomp?type=photo&format=entry_original&name=a624a62b-2739-402b-ab8b-53be668e15d5_1693069039.jpg,0,6,SOEL_Solanum elaeagnifolium 10,SOEL_Solanum elaeagnifolium,SOEL,Solanum elaeagnifolium,10,,,,,,,
a624a62b-2739-402b-ab8b-53be668e15d5,2023-08-26T16:57:46.000Z,2023-08-26T16:59:02.000Z,37_SW_SW,2023-08-26,11:57 AM,"Kelly, Monika",37,Control,SW,SW,https://five.epicollect.net/api/media/nutnet-lubb-communitycomp?type=photo&format=entry_original&name=a624a62b-2739-402b-ab8b-53be668e15d5_1693069039.jpg,0,6,CHIN_Chenopodium incanum 8,CHIN_Chenopodium incanum,CHIN,Chenopodium incanum,8,,,,,,,
a624a62b-2739-402b-ab8b-53be668e15d5,2023-08-26T16:57:46.000Z,2023-08-26T16:59:02.000Z,37_SW_SW,2023-08-26,11:57 AM,"Kelly, Monika",37,Control,SW,SW,https://five.epicollect.net/api/media/nutnet-lubb-communitycomp?type=photo&format=entry_original&name=a624a62b-2739-402b-ab8b-53be668e15d5_1693069039.jpg,0,6,BOGR_bouteloua gracilis 60,BOGR_bouteloua gracilis,BOGR,bouteloua gracilis,60,,,,,,,
a624a62b-2739-402b-ab8b-53be668e15d5,2023-08-26T16:57:46.000Z,2023-08-26T16:59:02.000Z,37_SW_SW,2023-08-26,11:57 AM,"Kelly, Monika",37,Control,SW,SW,https://five.epicollect.net/api/media/nutnet-lubb-communitycomp?type=photo&format=entry_original&name=a624a62b-2739-402b-ab8b-53be668e15d5_1693069039.jpg,0,6,other_litter 31,other_litter,other,litter,31,,,,,,,
a624a62b-2739-402b-ab8b-53be668e15d5,2023-08-26T16:57:46.000Z,2023-08-26T16:59:02.000Z,37_SW_SW,2023-08-26,11:57 AM,"Kelly, Monika",37,Control,SW,SW,https://five.epicollect.net/api/media/nutnet-lubb-communitycomp?type=photo&format=entry_original&name=a624a62b-2739-402b-ab8b-53be668e15d5_1693069039.jpg,0,6,other_bare soil 2,other_bare soil,other,bare soil,2,,,,,,,
4b7ac29e-2670-46c0-b433-37d5e772aa42,2023-08-26T16:53:38.000Z,2023-08-26T16:53:42.000Z,39_NE_SE,2023-08-26,11:51 AM,"Kelly, Monika",39,PK,NE,SE,https://five.epicollect.net/api/media/nutnet-lubb-communitycomp?type=photo&format=entry_original&name=4b7ac29e-2670-46c0-b433-37d5e772aa42_1693068731.jpg,0,5,SATR_salsola tragus 3,SATR_salsola tragus,SATR,salsola tragus,3,,,,,,,
4b7ac29e-2670-46c0-b433-37d5e772aa42,2023-08-26T16:53:38.000Z,2023-08-26T16:53:42.000Z,39_NE_SE,2023-08-26,11:51 AM,"Kelly, Monika",39,PK,NE,SE,https://five.epicollect.net/api/media/nutnet-lubb-communitycomp?type=photo&format=entry_original&name=4b7ac29e-2670-46c0-b433-37d5e772aa42_1693068731.jpg,0,5,BOGR_bouteloua gracilis 4,BOGR_bouteloua gracilis,BOGR,bouteloua gracilis,4,,,,,,,
4b7ac29e-2670-46c0-b433-37d5e772aa42,2023-08-26T16:53:38.000Z,2023-08-26T16:53:42.000Z,39_NE_SE,2023-08-26,11:51 AM,"Kelly, Monika",39,PK,NE,SE,https://five.epicollect.net/api/media/nutnet-lubb-communitycomp?type=photo&format=entry_original&name=4b7ac29e-2670-46c0-b433-37d5e772aa42_1693068731.jpg,0,5,CHIN_Chenopodium incanum 37,CHIN_Chenopodium incanum,CHIN,Chenopodium incanum,37,,,,,,,
4b7ac29e-2670-46c0-b433-37d5e772aa42,2023-08-26T16:53:38.000Z,2023-08-26T16:53:42.000Z,39_NE_SE,2023-08-26,11:51 AM,"Kelly, Monika",39,PK,NE,SE,https://five.epicollect.net/api/media/nutnet-lubb-communitycomp?type=photo&format=entry_original&name=4b7ac29e-2670-46c0-b433-37d5e772aa42_1693068731.jpg,0,5,other_litter 93,other_litter,other,litter,93,,,,,,,
4b7ac29e-2670-46c0-b433-37d5e772aa42,2023-08-26T16:53:38.000Z,2023-08-26T16:53:42.000Z,39_NE_SE,2023-08-26,11:51 AM,"Kelly, Monika",39,PK,NE,SE,https://five.epicollect.net/api/media/nutnet-lubb-communitycomp?type=photo&format=entry_original&name=4b7ac29e-2670-46c0-b433-37d5e772aa42_1693068731.jpg,0,5,other_bare soil 5,other_bare soil,other,bare soil,5,,,,,,,
6ee5fb93-0d22-43d9-b234-daa457f32b3b,2023-08-26T16:48:30.000Z,2023-08-26T16:48:35.000Z,32_SE_SW,2023-08-26,11:45 AM,"Kelly, Monika",32,N,SE,SW,https://five.epicollect.net/api/media/nutnet-lubb-communitycomp?type=photo&format=entry_original&name=6ee5fb93-0d22-43d9-b234-daa457f32b3b_1693068387.jpg,Walking path 10% of 1x1,5,SATR_salsola tragus 1,SATR_salsola tragus,SATR,salsola tragus,1,,,,,,,
6ee5fb93-0d22-43d9-b234-daa457f32b3b,2023-08-26T16:48:30.000Z,2023-08-26T16:48:35.000Z,32_SE_SW,2023-08-26,11:45 AM,"Kelly, Monika",32,N,SE,SW,https://five.epicollect.net/api/media/nutnet-lubb-communitycomp?type=photo&format=entry_original&name=6ee5fb93-0d22-43d9-b234-daa457f32b3b_1693068387.jpg,Walking path 10% of 1x1,5,BOGR_bouteloua gracilis 6,BOGR_bouteloua gracilis,BOGR,bouteloua gracilis,6,,,,,,,
6ee5fb93-0d22-43d9-b234-daa457f32b3b,2023-08-26T16:48:30.000Z,2023-08-26T16:48:35.000Z,32_SE_SW,2023-08-26,11:45 AM,"Kelly, Monika",32,N,SE,SW,https://five.epicollect.net/api/media/nutnet-lubb-communitycomp?type=photo&format=entry_original&name=6ee5fb93-0d22-43d9-b234-daa457f32b3b_1693068387.jpg,Walking path 10% of 1x1,5,CHIN_Chenopodium incanum 37,CHIN_Chenopodium incanum,CHIN,Chenopodium incanum,37,,,,,,,
6ee5fb93-0d22-43d9-b234-daa457f32b3b,2023-08-26T16:48:30.000Z,2023-08-26T16:48:35.000Z,32_SE_SW,2023-08-26,11:45 AM,"Kelly, Monika",32,N,SE,SW,https://five.epicollect.net/api/media/nutnet-lubb-communitycomp?type=photo&format=entry_original&name=6ee5fb93-0d22-43d9-b234-daa457f32b3b_1693068387.jpg,Walking path 10% of 1x1,5,other_litter 94,other_litter,other,litter,94,,,,,,,
6ee5fb93-0d22-43d9-b234-daa457f32b3b,2023-08-26T16:48:30.000Z,2023-08-26T16:48:35.000Z,32_SE_SW,2023-08-26,11:45 AM,"Kelly, Monika",32,N,SE,SW,https://five.epicollect.net/api/media/nutnet-lubb-communitycomp?type=photo&format=entry_original&name=6ee5fb93-0d22-43d9-b234-daa457f32b3b_1693068387.jpg,Walking path 10% of 1x1,5,other_bare soil 3,other_bare soil,other,bare soil,3,,,,,,,
ff707be4-9298-4293-94f6-28fb61c0b9e0,2023-08-26T16:42:39.000Z,2023-08-26T16:42:59.000Z,33_NE_SW,2023-08-26,11:40 AM,"Kelly, Monika",33,NP,NE,SW,https://five.epicollect.net/api/media/nutnet-lubb-communitycomp?type=photo&format=entry_original&name=ff707be4-9298-4293-94f6-28fb61c0b9e0_1693068079.jpg,Walking path 65% of 1x1,3,CHIN_Chenopodium incanum 15,CHIN_Chenopodium incanum,CHIN,Chenopodium incanum,15,,,,,,,
ff707be4-9298-4293-94f6-28fb61c0b9e0,2023-08-26T16:42:39.000Z,2023-08-26T16:42:59.000Z,33_NE_SW,2023-08-26,11:40 AM,"Kelly, Monika",33,NP,NE,SW,https://five.epicollect.net/api/media/nutnet-lubb-communitycomp?type=photo&format=entry_original&name=ff707be4-9298-4293-94f6-28fb61c0b9e0_1693068079.jpg,Walking path 65% of 1x1,3,other_litter 96,other_litter,other,litter,96,,,,,,,
ff707be4-9298-4293-94f6-28fb61c0b9e0,2023-08-26T16:42:39.000Z,2023-08-26T16:42:59.000Z,33_NE_SW,2023-08-26,11:40 AM,"Kelly, Monika",33,NP,NE,SW,https://five.epicollect.net/api/media/nutnet-lubb-communitycomp?type=photo&format=entry_original&name=ff707be4-9298-4293-94f6-28fb61c0b9e0_1693068079.jpg,Walking path 65% of 1x1,3,other_bare soil 4,other_bare soil,other,bare soil,4,,,,,,,
36111482-ecf4-4980-a04f-11c24b4460fa,2023-08-26T16:36:43.000Z,2023-08-26T16:42:52.000Z,34_NE_SW,2023-08-26,11:34 AM,"Kelly, Monika",34,NPK+Fence,NE,SW,https://five.epicollect.net/api/media/nutnet-lubb-communitycomp?type=photo&format=entry_original&name=36111482-ecf4-4980-a04f-11c24b4460fa_1693067723.jpg,0,4,BOGR_bouteloua gracilis 1,BOGR_bouteloua gracilis,BOGR,bouteloua gracilis,1,,,,,,,
36111482-ecf4-4980-a04f-11c24b4460fa,2023-08-26T16:36:43.000Z,2023-08-26T16:42:52.000Z,34_NE_SW,2023-08-26,11:34 AM,"Kelly, Monika",34,NPK+Fence,NE,SW,https://five.epicollect.net/api/media/nutnet-lubb-communitycomp?type=photo&format=entry_original&name=36111482-ecf4-4980-a04f-11c24b4460fa_1693067723.jpg,0,4,CHIN_Chenopodium incanum 48,CHIN_Chenopodium incanum,CHIN,Chenopodium incanum,48,,,,,,,
36111482-ecf4-4980-a04f-11c24b4460fa,2023-08-26T16:36:43.000Z,2023-08-26T16:42:52.000Z,34_NE_SW,2023-08-26,11:34 AM,"Kelly, Monika",34,NPK+Fence,NE,SW,https://five.epicollect.net/api/media/nutnet-lubb-communitycomp?type=photo&format=entry_original&name=36111482-ecf4-4980-a04f-11c24b4460fa_1693067723.jpg,0,4,other_litter 99,other_litter,other,litter,99,,,,,,,
36111482-ecf4-4980-a04f-11c24b4460fa,2023-08-26T16:36:43.000Z,2023-08-26T16:42:52.000Z,34_NE_SW,2023-08-26,11:34 AM,"Kelly, Monika",34,NPK+Fence,NE,SW,https://five.epicollect.net/api/media/nutnet-lubb-communitycomp?type=photo&format=entry_original&name=36111482-ecf4-4980-a04f-11c24b4460fa_1693067723.jpg,0,4,other_bare soil 2,other_bare soil,other,bare soil,2,,,,,,,
d767332e-9cd8-4aeb-8efc-515efa902825,2023-08-26T16:30:32.000Z,2023-08-26T16:31:03.000Z,42_SE_NW,2023-08-26,11:28 AM,"Kelly, Monika",42,NK,SE,NW,https://five.epicollect.net/api/media/nutnet-lubb-communitycomp?type=photo&format=entry_original&name=d767332e-9cd8-4aeb-8efc-515efa902825_1693067322.jpg,0,5,SATR_salsola tragus 1,SATR_salsola tragus,SATR,salsola tragus,1,,,,,,,
d767332e-9cd8-4aeb-8efc-515efa902825,2023-08-26T16:30:32.000Z,2023-08-26T16:31:03.000Z,42_SE_NW,2023-08-26,11:28 AM,"Kelly, Monika",42,NK,SE,NW,https://five.epicollect.net/api/media/nutnet-lubb-communitycomp?type=photo&format=entry_original&name=d767332e-9cd8-4aeb-8efc-515efa902825_1693067322.jpg,0,5,BOGR_bouteloua gracilis 25,BOGR_bouteloua gracilis,BOGR,bouteloua gracilis,25,,,,,,,
d767332e-9cd8-4aeb-8efc-515efa902825,2023-08-26T16:30:32.000Z,2023-08-26T16:31:03.000Z,42_SE_NW,2023-08-26,11:28 AM,"Kelly, Monika",42,NK,SE,NW,https://five.epicollect.net/api/media/nutnet-lubb-communitycomp?type=photo&format=entry_original&name=d767332e-9cd8-4aeb-8efc-515efa902825_1693067322.jpg,0,5,CHIN_Chenopodium incanum 28,CHIN_Chenopodium incanum,CHIN,Chenopodium incanum,28,,,,,,,
d767332e-9cd8-4aeb-8efc-515efa902825,2023-08-26T16:30:32.000Z,2023-08-26T16:31:03.000Z,42_SE_NW,2023-08-26,11:28 AM,"Kelly, Monika",42,NK,SE,NW,https://five.epicollect.net/api/media/nutnet-lubb-communitycomp?type=photo&format=entry_original&name=d767332e-9cd8-4aeb-8efc-515efa902825_1693067322.jpg,0,5,other_bare soil 78,other_bare soil,other,bare soil,78,,,,,,,
d767332e-9cd8-4aeb-8efc-515efa902825,2023-08-26T16:30:32.000Z,2023-08-26T16:31:03.000Z,42_SE_NW,2023-08-26,11:28 AM,"Kelly, Monika",42,NK,SE,NW,https://five.epicollect.net/api/media/nutnet-lubb-communitycomp?type=photo&format=entry_original&name=d767332e-9cd8-4aeb-8efc-515efa902825_1693067322.jpg,0,5,other_bare soil 15,other_bare soil,other,bare soil,15,,,,,,,
1b7b79f2-6539-40ae-8669-9bb01a5b250d,2023-08-26T16:22:36.000Z,2023-08-26T16:24:22.000Z,35_NW_SW,2023-08-26,11:21 AM,"Kelly, Monika",35,Fence,NW,SW,https://five.epicollect.net/api/media/nutnet-lubb-communitycomp?type=photo&format=entry_original&name=1b7b79f2-6539-40ae-8669-9bb01a5b250d_1693066922.jpg,0,5,2plant (notes required) 3,2plant (notes required),2plant (notes required),notes,3,,Asteraceae sp. maybe gutierrezia sarothrae?,,,,,
1b7b79f2-6539-40ae-8669-9bb01a5b250d,2023-08-26T16:22:36.000Z,2023-08-26T16:24:22.000Z,35_NW_SW,2023-08-26,11:21 AM,"Kelly, Monika",35,Fence,NW,SW,https://five.epicollect.net/api/media/nutnet-lubb-communitycomp?type=photo&format=entry_original&name=1b7b79f2-6539-40ae-8669-9bb01a5b250d_1693066922.jpg,0,5,BOGR_bouteloua gracilis 3,BOGR_bouteloua gracilis,BOGR,bouteloua gracilis,3,,,,,,,
1b7b79f2-6539-40ae-8669-9bb01a5b250d,2023-08-26T16:22:36.000Z,2023-08-26T16:24:22.000Z,35_NW_SW,2023-08-26,11:21 AM,"Kelly, Monika",35,Fence,NW,SW,https://five.epicollect.net/api/media/nutnet-lubb-communitycomp?type=photo&format=entry_original&name=1b7b79f2-6539-40ae-8669-9bb01a5b250d_1693066922.jpg,0,5,CHIN_Chenopodium incanum 73,CHIN_Chenopodium incanum,CHIN,Chenopodium incanum,73,,,,,,,
1b7b79f2-6539-40ae-8669-9bb01a5b250d,2023-08-26T16:22:36.000Z,2023-08-26T16:24:22.000Z,35_NW_SW,2023-08-26,11:21 AM,"Kelly, Monika",35,Fence,NW,SW,https://five.epicollect.net/api/media/nutnet-lubb-communitycomp?type=photo&format=entry_original&name=1b7b79f2-6539-40ae-8669-9bb01a5b250d_1693066922.jpg,0,5,other_litter 97,other_litter,other,litter,97,,,,,,,
1b7b79f2-6539-40ae-8669-9bb01a5b250d,2023-08-26T16:22:36.000Z,2023-08-26T16:24:22.000Z,35_NW_SW,2023-08-26,11:21 AM,"Kelly, Monika",35,Fence,NW,SW,https://five.epicollect.net/api/media/nutnet-lubb-communitycomp?type=photo&format=entry_original&name=1b7b79f2-6539-40ae-8669-9bb01a5b250d_1693066922.jpg,0,5,other_bare soil 0,other_bare soil,other,bare soil,0,,,,,,,
3e080930-a07a-451f-8c47-089099081f03,2023-08-27T13:17:02.000Z,2023-08-27T13:17:43.000Z,21_SE_NW,2023-08-27,8:13 AM,"Kelly, Monika",21,PK,SE,NW,https://five.epicollect.net/api/media/nutnet-lubb-communitycomp?type=photo&format=entry_original&name=3e080930-a07a-451f-8c47-089099081f03_1693142015.jpg,Plot resurveyed incorrect subsubplot sampled on 20230826. subsubplot changed to NW due to overlap with biomass sampling,5,BOGR_bouteloua gracilis 3,BOGR_bouteloua gracilis,BOGR,bouteloua gracilis,3,,,,,,,
3e080930-a07a-451f-8c47-089099081f03,2023-08-27T13:17:02.000Z,2023-08-27T13:17:43.000Z,21_SE_NW,2023-08-27,8:13 AM,"Kelly, Monika",21,PK,SE,NW,https://five.epicollect.net/api/media/nutnet-lubb-communitycomp?type=photo&format=entry_original&name=3e080930-a07a-451f-8c47-089099081f03_1693142015.jpg,Plot resurveyed incorrect subsubplot sampled on 20230826. subsubplot changed to NW due to overlap with biomass sampling,5,SOEL_Solanum elaeagnifolium 2,SOEL_Solanum elaeagnifolium,SOEL,Solanum elaeagnifolium,2,,,,,,,
3e080930-a07a-451f-8c47-089099081f03,2023-08-27T13:17:02.000Z,2023-08-27T13:17:43.000Z,21_SE_NW,2023-08-27,8:13 AM,"Kelly, Monika",21,PK,SE,NW,https://five.epicollect.net/api/media/nutnet-lubb-communitycomp?type=photo&format=entry_original&name=3e080930-a07a-451f-8c47-089099081f03_1693142015.jpg,Plot resurveyed incorrect subsubplot sampled on 20230826. subsubplot changed to NW due to overlap with biomass sampling,5,CHIN_Chenopodium incanum 35,CHIN_Chenopodium incanum,CHIN,Chenopodium incanum,35,,,,,,,
3e080930-a07a-451f-8c47-089099081f03,2023-08-27T13:17:02.000Z,2023-08-27T13:17:43.000Z,21_SE_NW,2023-08-27,8:13 AM,"Kelly, Monika",21,PK,SE,NW,https://five.epicollect.net/api/media/nutnet-lubb-communitycomp?type=photo&format=entry_original&name=3e080930-a07a-451f-8c47-089099081f03_1693142015.jpg,Plot resurveyed incorrect subsubplot sampled on 20230826. subsubplot changed to NW due to overlap with biomass sampling,5,other_litter 96,other_litter,other,litter,96,,,,,,,
3e080930-a07a-451f-8c47-089099081f03,2023-08-27T13:17:02.000Z,2023-08-27T13:17:43.000Z,21_SE_NW,2023-08-27,8:13 AM,"Kelly, Monika",21,PK,SE,NW,https://five.epicollect.net/api/media/nutnet-lubb-communitycomp?type=photo&format=entry_original&name=3e080930-a07a-451f-8c47-089099081f03_1693142015.jpg,Plot resurveyed incorrect subsubplot sampled on 20230826. subsubplot changed to NW due to overlap with biomass sampling,5,other_bare soil 2,other_bare soil,other,bare soil,2,,,,,,,
37dac493-fa41-416e-bfc0-3ab01fd7ec8e,2023-08-26T16:04:47.000Z,2023-08-26T16:13:24.000Z,21_SE_NW,2023-08-26,11:01 AM,"Kelly, Monika",21,PK,SE,NW,https://five.epicollect.net/api/media/nutnet-lubb-communitycomp?type=photo&format=entry_original&name=37dac493-fa41-416e-bfc0-3ab01fd7ec8e_1693065719.jpg,subsubplot changed to NW due to overlap with biomass sampling,6,SOEL_Solanum elaeagnifolium 1,SOEL_Solanum elaeagnifolium,SOEL,Solanum elaeagnifolium,1,,,,,,,
c203e1e3-fa19-41dd-b62e-f9ba7c9710b9,2023-08-26T16:12:23.000Z,2023-08-26T16:13:26.000Z,27_SW_SE,2023-08-26,11:10 AM,"Kelly, Monika",27,NPK,SW,SE,https://five.epicollect.net/api/media/nutnet-lubb-communitycomp?type=photo&format=entry_original&name=c203e1e3-fa19-41dd-b62e-f9ba7c9710b9_1693066235.jpg,0,6,ZIGR_zinnia grandiflora 1,ZIGR_zinnia grandiflora,ZIGR,zinnia grandiflora,1,,,,,,,
c203e1e3-fa19-41dd-b62e-f9ba7c9710b9,2023-08-26T16:12:23.000Z,2023-08-26T16:13:26.000Z,27_SW_SE,2023-08-26,11:10 AM,"Kelly, Monika",27,NPK,SW,SE,https://five.epicollect.net/api/media/nutnet-lubb-communitycomp?type=photo&format=entry_original&name=c203e1e3-fa19-41dd-b62e-f9ba7c9710b9_1693066235.jpg,0,6,BOGR_bouteloua gracilis 8,BOGR_bouteloua gracilis,BOGR,bouteloua gracilis,8,,,,,,,
c203e1e3-fa19-41dd-b62e-f9ba7c9710b9,2023-08-26T16:12:23.000Z,2023-08-26T16:13:26.000Z,27_SW_SE,2023-08-26,11:10 AM,"Kelly, Monika",27,NPK,SW,SE,https://five.epicollect.net/api/media/nutnet-lubb-communitycomp?type=photo&format=entry_original&name=c203e1e3-fa19-41dd-b62e-f9ba7c9710b9_1693066235.jpg,0,6,CHIN_Chenopodium incanum 23,CHIN_Chenopodium incanum,CHIN,Chenopodium incanum,23,,,,,,,
c203e1e3-fa19-41dd-b62e-f9ba7c9710b9,2023-08-26T16:12:23.000Z,2023-08-26T16:13:26.000Z,27_SW_SE,2023-08-26,11:10 AM,"Kelly, Monika",27,NPK,SW,SE,https://five.epicollect.net/api/media/nutnet-lubb-communitycomp?type=photo&format=entry_original&name=c203e1e3-fa19-41dd-b62e-f9ba7c9710b9_1693066235.jpg,0,6,SATR_salsola tragus 4,SATR_salsola tragus,SATR,salsola tragus,4,,,,,,,
c203e1e3-fa19-41dd-b62e-f9ba7c9710b9,2023-08-26T16:12:23.000Z,2023-08-26T16:13:26.000Z,27_SW_SE,2023-08-26,11:10 AM,"Kelly, Monika",27,NPK,SW,SE,https://five.epicollect.net/api/media/nutnet-lubb-communitycomp?type=photo&format=entry_original&name=c203e1e3-fa19-41dd-b62e-f9ba7c9710b9_1693066235.jpg,0,6,other_litter 90,other_litter,other,litter,90,,,,,,,
c203e1e3-fa19-41dd-b62e-f9ba7c9710b9,2023-08-26T16:12:23.000Z,2023-08-26T16:13:26.000Z,27_SW_SE,2023-08-26,11:10 AM,"Kelly, Monika",27,NPK,SW,SE,https://five.epicollect.net/api/media/nutnet-lubb-communitycomp?type=photo&format=entry_original&name=c203e1e3-fa19-41dd-b62e-f9ba7c9710b9_1693066235.jpg,0,6,other_bare soil 6,other_bare soil,other,bare soil,6,,,,,,,
37dac493-fa41-416e-bfc0-3ab01fd7ec8e,2023-08-26T16:04:47.000Z,2023-08-26T16:13:24.000Z,21_SE_NW,2023-08-26,11:01 AM,"Kelly, Monika",21,PK,SE,NW,https://five.epicollect.net/api/media/nutnet-lubb-communitycomp?type=photo&format=entry_original&name=37dac493-fa41-416e-bfc0-3ab01fd7ec8e_1693065719.jpg,subsubplot changed to NW due to overlap with biomass sampling,6,BOGR_bouteloua gracilis 2,BOGR_bouteloua gracilis,BOGR,bouteloua gracilis,2,,,,,,,
37dac493-fa41-416e-bfc0-3ab01fd7ec8e,2023-08-26T16:04:47.000Z,2023-08-26T16:13:24.000Z,21_SE_NW,2023-08-26,11:01 AM,"Kelly, Monika",21,PK,SE,NW,https://five.epicollect.net/api/media/nutnet-lubb-communitycomp?type=photo&format=entry_original&name=37dac493-fa41-416e-bfc0-3ab01fd7ec8e_1693065719.jpg,subsubplot changed to NW due to overlap with biomass sampling,6,ARHU_argythamnia humilis 2,ARHU_argythamnia humilis,ARHU,argythamnia humilis,2,https://five.epicollect.net/api/media/nutnet-lubb-communitycomp?type=photo&format=entry_original&name=4b06e1d0-0a36-4602-94be-1a4c03eac0ff_1693065825.jpg,"Marked as ""A"" in physical notes for Monika & Kelly,  ask Nick to confirm ID. ",,,,,
37dac493-fa41-416e-bfc0-3ab01fd7ec8e,2023-08-26T16:04:47.000Z,2023-08-26T16:13:24.000Z,21_SE_NW,2023-08-26,11:01 AM,"Kelly, Monika",21,PK,SE,NW,https://five.epicollect.net/api/media/nutnet-lubb-communitycomp?type=photo&format=entry_original&name=37dac493-fa41-416e-bfc0-3ab01fd7ec8e_1693065719.jpg,subsubplot changed to NW due to overlap with biomass sampling,6,CHIN_Chenopodium incanum 25,CHIN_Chenopodium incanum,CHIN,Chenopodium incanum,25,,,,,,,
37dac493-fa41-416e-bfc0-3ab01fd7ec8e,2023-08-26T16:04:47.000Z,2023-08-26T16:13:24.000Z,21_SE_NW,2023-08-26,11:01 AM,"Kelly, Monika",21,PK,SE,NW,https://five.epicollect.net/api/media/nutnet-lubb-communitycomp?type=photo&format=entry_original&name=37dac493-fa41-416e-bfc0-3ab01fd7ec8e_1693065719.jpg,subsubplot changed to NW due to overlap with biomass sampling,6,PRGL_prosopis glandulosa 18,PRGL_prosopis glandulosa,PRGL,prosopis glandulosa,18,,,,,,,
37dac493-fa41-416e-bfc0-3ab01fd7ec8e,2023-08-26T16:04:47.000Z,2023-08-26T16:13:24.000Z,21_SE_NW,2023-08-26,11:01 AM,"Kelly, Monika",21,PK,SE,NW,https://five.epicollect.net/api/media/nutnet-lubb-communitycomp?type=photo&format=entry_original&name=37dac493-fa41-416e-bfc0-3ab01fd7ec8e_1693065719.jpg,subsubplot changed to NW due to overlap with biomass sampling,6,other_litter 99,other_litter,other,litter,99,,,,,,,
5d1e4047-8c08-4e0e-ba10-fded02924613,2023-08-26T16:18:34.000Z,2023-08-26T16:24:13.000Z,28_SW_SW,2023-08-26,11:16 AM,"Kelly, Monika",28,Control,SW,SW,https://five.epicollect.net/api/media/nutnet-lubb-communitycomp?type=photo&format=entry_original&name=5d1e4047-8c08-4e0e-ba10-fded02924613_1693066595.jpg,subsubplot changed to SW due to overlap with biomass sampling,6,SATR_salsola tragus 1,SATR_salsola tragus,SATR,salsola tragus,1,,,,,,,
4e934163-2bf9-4d95-8d39-c1a8ad74d78c,2023-08-26T15:52:12.000Z,2023-08-26T16:05:06.000Z,20_SW_SW,2023-08-26,10:51 AM,"Kelly, Monika",20,K,SW,SW,https://five.epicollect.net/api/media/nutnet-lubb-communitycomp?type=photo&format=entry_original&name=4e934163-2bf9-4d95-8d39-c1a8ad74d78c_1693065117.jpg,0,6,SOEL_Solanum elaeagnifolium 2,SOEL_Solanum elaeagnifolium,SOEL,Solanum elaeagnifolium,2,,,,,,,
4e934163-2bf9-4d95-8d39-c1a8ad74d78c,2023-08-26T15:52:12.000Z,2023-08-26T16:05:06.000Z,20_SW_SW,2023-08-26,10:51 AM,"Kelly, Monika",20,K,SW,SW,https://five.epicollect.net/api/media/nutnet-lubb-communitycomp?type=photo&format=entry_original&name=4e934163-2bf9-4d95-8d39-c1a8ad74d78c_1693065117.jpg,0,6,SATR_salsola tragus 2,SATR_salsola tragus,SATR,salsola tragus,2,,,,,,,
4e934163-2bf9-4d95-8d39-c1a8ad74d78c,2023-08-26T15:52:12.000Z,2023-08-26T16:05:06.000Z,20_SW_SW,2023-08-26,10:51 AM,"Kelly, Monika",20,K,SW,SW,https://five.epicollect.net/api/media/nutnet-lubb-communitycomp?type=photo&format=entry_original&name=4e934163-2bf9-4d95-8d39-c1a8ad74d78c_1693065117.jpg,0,6,BOGR_bouteloua gracilis 18,BOGR_bouteloua gracilis,BOGR,bouteloua gracilis,18,,,,,,,
4e934163-2bf9-4d95-8d39-c1a8ad74d78c,2023-08-26T15:52:12.000Z,2023-08-26T16:05:06.000Z,20_SW_SW,2023-08-26,10:51 AM,"Kelly, Monika",20,K,SW,SW,https://five.epicollect.net/api/media/nutnet-lubb-communitycomp?type=photo&format=entry_original&name=4e934163-2bf9-4d95-8d39-c1a8ad74d78c_1693065117.jpg,0,6,CHIN_Chenopodium incanum 20,CHIN_Chenopodium incanum,CHIN,Chenopodium incanum,20,,,,,,,
4e934163-2bf9-4d95-8d39-c1a8ad74d78c,2023-08-26T15:52:12.000Z,2023-08-26T16:05:06.000Z,20_SW_SW,2023-08-26,10:51 AM,"Kelly, Monika",20,K,SW,SW,https://five.epicollect.net/api/media/nutnet-lubb-communitycomp?type=photo&format=entry_original&name=4e934163-2bf9-4d95-8d39-c1a8ad74d78c_1693065117.jpg,0,6,other_litter 92,other_litter,other,litter,92,,,,,,,
4e934163-2bf9-4d95-8d39-c1a8ad74d78c,2023-08-26T15:52:12.000Z,2023-08-26T16:05:06.000Z,20_SW_SW,2023-08-26,10:51 AM,"Kelly, Monika",20,K,SW,SW,https://five.epicollect.net/api/media/nutnet-lubb-communitycomp?type=photo&format=entry_original&name=4e934163-2bf9-4d95-8d39-c1a8ad74d78c_1693065117.jpg,0,6,other_bare soil 2,other_bare soil,other,bare soil,2,,,,,,,
8ff68c4d-8619-4b05-8f8f-fbc38f464e8a,2023-08-26T15:48:44.000Z,2023-08-26T15:49:06.000Z,18_NW_NW,2023-08-26,10:47 AM,"Kelly, Monika",18,N,NW,NW,https://five.epicollect.net/api/media/nutnet-lubb-communitycomp?type=photo&format=entry_original&name=8ff68c4d-8619-4b05-8f8f-fbc38f464e8a_1693064855.jpg,0,4,BOGR_bouteloua gracilis 5,BOGR_bouteloua gracilis,BOGR,bouteloua gracilis,5,,,,,,,
8ff68c4d-8619-4b05-8f8f-fbc38f464e8a,2023-08-26T15:48:44.000Z,2023-08-26T15:49:06.000Z,18_NW_NW,2023-08-26,10:47 AM,"Kelly, Monika",18,N,NW,NW,https://five.epicollect.net/api/media/nutnet-lubb-communitycomp?type=photo&format=entry_original&name=8ff68c4d-8619-4b05-8f8f-fbc38f464e8a_1693064855.jpg,0,4,CHIN_Chenopodium incanum 38,CHIN_Chenopodium incanum,CHIN,Chenopodium incanum,38,,,,,,,
8ff68c4d-8619-4b05-8f8f-fbc38f464e8a,2023-08-26T15:48:44.000Z,2023-08-26T15:49:06.000Z,18_NW_NW,2023-08-26,10:47 AM,"Kelly, Monika",18,N,NW,NW,https://five.epicollect.net/api/media/nutnet-lubb-communitycomp?type=photo&format=entry_original&name=8ff68c4d-8619-4b05-8f8f-fbc38f464e8a_1693064855.jpg,0,4,other_litter 65,other_litter,other,litter,65,,,,,,,
8ff68c4d-8619-4b05-8f8f-fbc38f464e8a,2023-08-26T15:48:44.000Z,2023-08-26T15:49:06.000Z,18_NW_NW,2023-08-26,10:47 AM,"Kelly, Monika",18,N,NW,NW,https://five.epicollect.net/api/media/nutnet-lubb-communitycomp?type=photo&format=entry_original&name=8ff68c4d-8619-4b05-8f8f-fbc38f464e8a_1693064855.jpg,0,4,other_bare soil 35,other_bare soil,other,bare soil,35,,,,,,,
dc7b33be-63c6-4c41-8434-d95156b0b640,2023-08-26T15:44:54.000Z,2023-08-26T15:48:59.000Z,17_NW_NW,2023-08-26,10:42 AM,"Kelly, Monika",17,NK,NW,NW,https://five.epicollect.net/api/media/nutnet-lubb-communitycomp?type=photo&format=entry_original&name=dc7b33be-63c6-4c41-8434-d95156b0b640_1693064587.jpg,0,5,BOGR_bouteloua gracilis 10,BOGR_bouteloua gracilis,BOGR,bouteloua gracilis,10,,,,,,,
dc7b33be-63c6-4c41-8434-d95156b0b640,2023-08-26T15:44:54.000Z,2023-08-26T15:48:59.000Z,17_NW_NW,2023-08-26,10:42 AM,"Kelly, Monika",17,NK,NW,NW,https://five.epicollect.net/api/media/nutnet-lubb-communitycomp?type=photo&format=entry_original&name=dc7b33be-63c6-4c41-8434-d95156b0b640_1693064587.jpg,0,5,SATR_salsola tragus 17,SATR_salsola tragus,SATR,salsola tragus,17,,,,,,,
dc7b33be-63c6-4c41-8434-d95156b0b640,2023-08-26T15:44:54.000Z,2023-08-26T15:48:59.000Z,17_NW_NW,2023-08-26,10:42 AM,"Kelly, Monika",17,NK,NW,NW,https://five.epicollect.net/api/media/nutnet-lubb-communitycomp?type=photo&format=entry_original&name=dc7b33be-63c6-4c41-8434-d95156b0b640_1693064587.jpg,0,5,CHIN_Chenopodium incanum 3,CHIN_Chenopodium incanum,CHIN,Chenopodium incanum,3,,,,,,,
dc7b33be-63c6-4c41-8434-d95156b0b640,2023-08-26T15:44:54.000Z,2023-08-26T15:48:59.000Z,17_NW_NW,2023-08-26,10:42 AM,"Kelly, Monika",17,NK,NW,NW,https://five.epicollect.net/api/media/nutnet-lubb-communitycomp?type=photo&format=entry_original&name=dc7b33be-63c6-4c41-8434-d95156b0b640_1693064587.jpg,0,5,other_litter 29,other_litter,other,litter,29,,,,,,,
dc7b33be-63c6-4c41-8434-d95156b0b640,2023-08-26T15:44:54.000Z,2023-08-26T15:48:59.000Z,17_NW_NW,2023-08-26,10:42 AM,"Kelly, Monika",17,NK,NW,NW,https://five.epicollect.net/api/media/nutnet-lubb-communitycomp?type=photo&format=entry_original&name=dc7b33be-63c6-4c41-8434-d95156b0b640_1693064587.jpg,0,5,other_bare soil 70,other_bare soil,other,bare soil,70,,,,,,,
8fb08814-f3e5-4431-b7a6-cdd664a5c9d2,2023-08-26T15:38:13.000Z,2023-08-26T15:38:53.000Z,24_SE_SE,2023-08-26,10:36 AM,"Kelly, Monika",24,NPK+Fence,SE,SE,https://five.epicollect.net/api/media/nutnet-lubb-communitycomp?type=photo&format=entry_original&name=8fb08814-f3e5-4431-b7a6-cdd664a5c9d2_1693064199.jpg,0,4,BOGR_bouteloua gracilis 1,BOGR_bouteloua gracilis,BOGR,bouteloua gracilis,1,,,,,,,
8fb08814-f3e5-4431-b7a6-cdd664a5c9d2,2023-08-26T15:38:13.000Z,2023-08-26T15:38:53.000Z,24_SE_SE,2023-08-26,10:36 AM,"Kelly, Monika",24,NPK+Fence,SE,SE,https://five.epicollect.net/api/media/nutnet-lubb-communitycomp?type=photo&format=entry_original&name=8fb08814-f3e5-4431-b7a6-cdd664a5c9d2_1693064199.jpg,0,4,CHIN_Chenopodium incanum 48,CHIN_Chenopodium incanum,CHIN,Chenopodium incanum,48,,,,,,,
8fb08814-f3e5-4431-b7a6-cdd664a5c9d2,2023-08-26T15:38:13.000Z,2023-08-26T15:38:53.000Z,24_SE_SE,2023-08-26,10:36 AM,"Kelly, Monika",24,NPK+Fence,SE,SE,https://five.epicollect.net/api/media/nutnet-lubb-communitycomp?type=photo&format=entry_original&name=8fb08814-f3e5-4431-b7a6-cdd664a5c9d2_1693064199.jpg,0,4,other_bare soil 12,other_bare soil,other,bare soil,12,,,,,,,
8fb08814-f3e5-4431-b7a6-cdd664a5c9d2,2023-08-26T15:38:13.000Z,2023-08-26T15:38:53.000Z,24_SE_SE,2023-08-26,10:36 AM,"Kelly, Monika",24,NPK+Fence,SE,SE,https://five.epicollect.net/api/media/nutnet-lubb-communitycomp?type=photo&format=entry_original&name=8fb08814-f3e5-4431-b7a6-cdd664a5c9d2_1693064199.jpg,0,4,other_litter 80,other_litter,other,litter,80,,,,,,,
29a3acd5-446a-4803-9035-3da8b522cc13,2023-08-26T15:31:40.000Z,2023-08-27T13:27:10.000Z,23_NW_NE,2023-08-26,10:31 AM,"Kelly, Monika",23,P,NW,NE,https://five.epicollect.net/api/media/nutnet-lubb-communitycomp?type=photo&format=entry_original&name=29a3acd5-446a-4803-9035-3da8b522cc13_1693063882.jpg,Walking path 50% of 1x1,6,SATR_salsola tragus 1,SATR_salsola tragus,SATR,salsola tragus,1,,,,,,,
29a3acd5-446a-4803-9035-3da8b522cc13,2023-08-26T15:31:40.000Z,2023-08-27T13:27:10.000Z,23_NW_NE,2023-08-26,10:31 AM,"Kelly, Monika",23,P,NW,NE,https://five.epicollect.net/api/media/nutnet-lubb-communitycomp?type=photo&format=entry_original&name=29a3acd5-446a-4803-9035-3da8b522cc13_1693063882.jpg,Walking path 50% of 1x1,6,BOGR_bouteloua gracilis 5,BOGR_bouteloua gracilis,BOGR,bouteloua gracilis,5,,,,,,,
29a3acd5-446a-4803-9035-3da8b522cc13,2023-08-26T15:31:40.000Z,2023-08-27T13:27:10.000Z,23_NW_NE,2023-08-26,10:31 AM,"Kelly, Monika",23,P,NW,NE,https://five.epicollect.net/api/media/nutnet-lubb-communitycomp?type=photo&format=entry_original&name=29a3acd5-446a-4803-9035-3da8b522cc13_1693063882.jpg,Walking path 50% of 1x1,6,PRGL_prosopis glandulosa 17,PRGL_prosopis glandulosa,PRGL,prosopis glandulosa,17,,,,,,,
29a3acd5-446a-4803-9035-3da8b522cc13,2023-08-26T15:31:40.000Z,2023-08-27T13:27:10.000Z,23_NW_NE,2023-08-26,10:31 AM,"Kelly, Monika",23,P,NW,NE,https://five.epicollect.net/api/media/nutnet-lubb-communitycomp?type=photo&format=entry_original&name=29a3acd5-446a-4803-9035-3da8b522cc13_1693063882.jpg,Walking path 50% of 1x1,6,CHIN_Chenopodium incanum 20,CHIN_Chenopodium incanum,CHIN,Chenopodium incanum,20,,,,,,,
29a3acd5-446a-4803-9035-3da8b522cc13,2023-08-26T15:31:40.000Z,2023-08-27T13:27:10.000Z,23_NW_NE,2023-08-26,10:31 AM,"Kelly, Monika",23,P,NW,NE,https://five.epicollect.net/api/media/nutnet-lubb-communitycomp?type=photo&format=entry_original&name=29a3acd5-446a-4803-9035-3da8b522cc13_1693063882.jpg,Walking path 50% of 1x1,6,other_bare soil 18,other_bare soil,other,bare soil,18,,,,,,,
29a3acd5-446a-4803-9035-3da8b522cc13,2023-08-26T15:31:40.000Z,2023-08-27T13:27:10.000Z,23_NW_NE,2023-08-26,10:31 AM,"Kelly, Monika",23,P,NW,NE,https://five.epicollect.net/api/media/nutnet-lubb-communitycomp?type=photo&format=entry_original&name=29a3acd5-446a-4803-9035-3da8b522cc13_1693063882.jpg,Walking path 50% of 1x1,6,other_litter 70,other_litter,other,litter,70,,,,,,,
230a0525-5a6b-4b19-a14b-50d8f6fcc7a2,2023-08-26T15:26:52.000Z,2023-08-26T15:27:20.000Z,16_SW_NW,2023-08-26,10:24 AM,"Kelly, Monika",16,NP,SW,NW,https://five.epicollect.net/api/media/nutnet-lubb-communitycomp?type=photo&format=entry_original&name=230a0525-5a6b-4b19-a14b-50d8f6fcc7a2_1693063479.jpg,0,6,SORO_solanum rostratum 1,SORO_solanum rostratum,SORO,solanum rostratum,1,,,,,,,
230a0525-5a6b-4b19-a14b-50d8f6fcc7a2,2023-08-26T15:26:52.000Z,2023-08-26T15:27:20.000Z,16_SW_NW,2023-08-26,10:24 AM,"Kelly, Monika",16,NP,SW,NW,https://five.epicollect.net/api/media/nutnet-lubb-communitycomp?type=photo&format=entry_original&name=230a0525-5a6b-4b19-a14b-50d8f6fcc7a2_1693063479.jpg,0,6,SATR_salsola tragus 5,SATR_salsola tragus,SATR,salsola tragus,5,,,,,,,
230a0525-5a6b-4b19-a14b-50d8f6fcc7a2,2023-08-26T15:26:52.000Z,2023-08-26T15:27:20.000Z,16_SW_NW,2023-08-26,10:24 AM,"Kelly, Monika",16,NP,SW,NW,https://five.epicollect.net/api/media/nutnet-lubb-communitycomp?type=photo&format=entry_original&name=230a0525-5a6b-4b19-a14b-50d8f6fcc7a2_1693063479.jpg,0,6,BOGR_bouteloua gracilis 5,BOGR_bouteloua gracilis,BOGR,bouteloua gracilis,5,,,,,,,
230a0525-5a6b-4b19-a14b-50d8f6fcc7a2,2023-08-26T15:26:52.000Z,2023-08-26T15:27:20.000Z,16_SW_NW,2023-08-26,10:24 AM,"Kelly, Monika",16,NP,SW,NW,https://five.epicollect.net/api/media/nutnet-lubb-communitycomp?type=photo&format=entry_original&name=230a0525-5a6b-4b19-a14b-50d8f6fcc7a2_1693063479.jpg,0,6,CHIN_Chenopodium incanum 15,CHIN_Chenopodium incanum,CHIN,Chenopodium incanum,15,,,,,,,
230a0525-5a6b-4b19-a14b-50d8f6fcc7a2,2023-08-26T15:26:52.000Z,2023-08-26T15:27:20.000Z,16_SW_NW,2023-08-26,10:24 AM,"Kelly, Monika",16,NP,SW,NW,https://five.epicollect.net/api/media/nutnet-lubb-communitycomp?type=photo&format=entry_original&name=230a0525-5a6b-4b19-a14b-50d8f6fcc7a2_1693063479.jpg,0,6,other_bare soil 50,other_bare soil,other,bare soil,50,,,,,,,
230a0525-5a6b-4b19-a14b-50d8f6fcc7a2,2023-08-26T15:26:52.000Z,2023-08-26T15:27:20.000Z,16_SW_NW,2023-08-26,10:24 AM,"Kelly, Monika",16,NP,SW,NW,https://five.epicollect.net/api/media/nutnet-lubb-communitycomp?type=photo&format=entry_original&name=230a0525-5a6b-4b19-a14b-50d8f6fcc7a2_1693063479.jpg,0,6,other_litter 50,other_litter,other,litter,50,,,,,,,
0f09fd98-a97b-4a78-bffb-0fa1a27a5175,2023-08-26T15:21:22.000Z,2023-08-27T13:39:33.000Z,15_NW_SW,2023-08-26,10:19 AM,"Kelly, Monika",15,Fence,NW,SW,https://five.epicollect.net/api/media/nutnet-lubb-communitycomp?type=photo&format=entry_original&name=0f09fd98-a97b-4a78-bffb-0fa1a27a5175_1693063186.jpg,0,5,SATR_salsola tragus 2,SATR_salsola tragus,SATR,salsola tragus,2,,,,,,,
0f09fd98-a97b-4a78-bffb-0fa1a27a5175,2023-08-26T15:21:22.000Z,2023-08-27T13:39:33.000Z,15_NW_SW,2023-08-26,10:19 AM,"Kelly, Monika",15,Fence,NW,SW,https://five.epicollect.net/api/media/nutnet-lubb-communitycomp?type=photo&format=entry_original&name=0f09fd98-a97b-4a78-bffb-0fa1a27a5175_1693063186.jpg,0,5,BOGR_bouteloua gracilis 24,BOGR_bouteloua gracilis,BOGR,bouteloua gracilis,24,,,,,,,
0f09fd98-a97b-4a78-bffb-0fa1a27a5175,2023-08-26T15:21:22.000Z,2023-08-27T13:39:33.000Z,15_NW_SW,2023-08-26,10:19 AM,"Kelly, Monika",15,Fence,NW,SW,https://five.epicollect.net/api/media/nutnet-lubb-communitycomp?type=photo&format=entry_original&name=0f09fd98-a97b-4a78-bffb-0fa1a27a5175_1693063186.jpg,0,5,CHIN_Chenopodium incanum 30,CHIN_Chenopodium incanum,CHIN,Chenopodium incanum,30,,,,,,,
0f09fd98-a97b-4a78-bffb-0fa1a27a5175,2023-08-26T15:21:22.000Z,2023-08-27T13:39:33.000Z,15_NW_SW,2023-08-26,10:19 AM,"Kelly, Monika",15,Fence,NW,SW,https://five.epicollect.net/api/media/nutnet-lubb-communitycomp?type=photo&format=entry_original&name=0f09fd98-a97b-4a78-bffb-0fa1a27a5175_1693063186.jpg,0,5,other_bare soil 6,other_bare soil,other,bare soil,6,,,,,,,
0f09fd98-a97b-4a78-bffb-0fa1a27a5175,2023-08-26T15:21:22.000Z,2023-08-27T13:39:33.000Z,15_NW_SW,2023-08-26,10:19 AM,"Kelly, Monika",15,Fence,NW,SW,https://five.epicollect.net/api/media/nutnet-lubb-communitycomp?type=photo&format=entry_original&name=0f09fd98-a97b-4a78-bffb-0fa1a27a5175_1693063186.jpg,0,5,other_litter 74,other_litter,other,litter,74,,,,,,,
5d1e4047-8c08-4e0e-ba10-fded02924613,2023-08-26T16:18:34.000Z,2023-08-26T16:24:13.000Z,28_SW_SW,2023-08-26,11:16 AM,"Kelly, Monika",28,Control,SW,SW,https://five.epicollect.net/api/media/nutnet-lubb-communitycomp?type=photo&format=entry_original&name=5d1e4047-8c08-4e0e-ba10-fded02924613_1693066595.jpg,subsubplot changed to SW due to overlap with biomass sampling,6,PRGL_prosopis glandulosa 12,PRGL_prosopis glandulosa,PRGL,prosopis glandulosa,12,,,,,,,
5d1e4047-8c08-4e0e-ba10-fded02924613,2023-08-26T16:18:34.000Z,2023-08-26T16:24:13.000Z,28_SW_SW,2023-08-26,11:16 AM,"Kelly, Monika",28,Control,SW,SW,https://five.epicollect.net/api/media/nutnet-lubb-communitycomp?type=photo&format=entry_original&name=5d1e4047-8c08-4e0e-ba10-fded02924613_1693066595.jpg,subsubplot changed to SW due to overlap with biomass sampling,6,CHIN_Chenopodium incanum 20,CHIN_Chenopodium incanum,CHIN,Chenopodium incanum,20,,,,,,,
5d1e4047-8c08-4e0e-ba10-fded02924613,2023-08-26T16:18:34.000Z,2023-08-26T16:24:13.000Z,28_SW_SW,2023-08-26,11:16 AM,"Kelly, Monika",28,Control,SW,SW,https://five.epicollect.net/api/media/nutnet-lubb-communitycomp?type=photo&format=entry_original&name=5d1e4047-8c08-4e0e-ba10-fded02924613_1693066595.jpg,subsubplot changed to SW due to overlap with biomass sampling,6,other_woody overstory 9,other_woody overstory,other,woody overstory,9,,,,,,,
5d1e4047-8c08-4e0e-ba10-fded02924613,2023-08-26T16:18:34.000Z,2023-08-26T16:24:13.000Z,28_SW_SW,2023-08-26,11:16 AM,"Kelly, Monika",28,Control,SW,SW,https://five.epicollect.net/api/media/nutnet-lubb-communitycomp?type=photo&format=entry_original&name=5d1e4047-8c08-4e0e-ba10-fded02924613_1693066595.jpg,subsubplot changed to SW due to overlap with biomass sampling,6,other_litter 97,other_litter,other,litter,97,,,,,,,
5d1e4047-8c08-4e0e-ba10-fded02924613,2023-08-26T16:18:34.000Z,2023-08-26T16:24:13.000Z,28_SW_SW,2023-08-26,11:16 AM,"Kelly, Monika",28,Control,SW,SW,https://five.epicollect.net/api/media/nutnet-lubb-communitycomp?type=photo&format=entry_original&name=5d1e4047-8c08-4e0e-ba10-fded02924613_1693066595.jpg,subsubplot changed to SW due to overlap with biomass sampling,6,other_bare soil 1,other_bare soil,other,bare soil,1,,,,,,,
d836f907-aa25-4316-be31-af24603951d7,2023-08-26T15:04:34.000Z,2023-08-26T15:16:02.000Z,13_NW_SE,2023-08-26,10:00 AM,"Kelly, Monika",13,PK,NW,SE,https://five.epicollect.net/api/media/nutnet-lubb-communitycomp?type=photo&format=entry_original&name=d836f907-aa25-4316-be31-af24603951d7_1693062128.jpg,0,6,SATR_salsola tragus 3,SATR_salsola tragus,SATR,salsola tragus,3,,,,,,,
d836f907-aa25-4316-be31-af24603951d7,2023-08-26T15:04:34.000Z,2023-08-26T15:16:02.000Z,13_NW_SE,2023-08-26,10:00 AM,"Kelly, Monika",13,PK,NW,SE,https://five.epicollect.net/api/media/nutnet-lubb-communitycomp?type=photo&format=entry_original&name=d836f907-aa25-4316-be31-af24603951d7_1693062128.jpg,0,6,BOGR_bouteloua gracilis 2,BOGR_bouteloua gracilis,BOGR,bouteloua gracilis,2,,,,,,,
d836f907-aa25-4316-be31-af24603951d7,2023-08-26T15:04:34.000Z,2023-08-26T15:16:02.000Z,13_NW_SE,2023-08-26,10:00 AM,"Kelly, Monika",13,PK,NW,SE,https://five.epicollect.net/api/media/nutnet-lubb-communitycomp?type=photo&format=entry_original&name=d836f907-aa25-4316-be31-af24603951d7_1693062128.jpg,0,6,SOEL_Solanum elaeagnifolium 6,SOEL_Solanum elaeagnifolium,SOEL,Solanum elaeagnifolium,6,,,,,,,
d836f907-aa25-4316-be31-af24603951d7,2023-08-26T15:04:34.000Z,2023-08-26T15:16:02.000Z,13_NW_SE,2023-08-26,10:00 AM,"Kelly, Monika",13,PK,NW,SE,https://five.epicollect.net/api/media/nutnet-lubb-communitycomp?type=photo&format=entry_original&name=d836f907-aa25-4316-be31-af24603951d7_1693062128.jpg,0,6,CHIN_Chenopodium incanum 20,CHIN_Chenopodium incanum,CHIN,Chenopodium incanum,20,,,,,,,
d836f907-aa25-4316-be31-af24603951d7,2023-08-26T15:04:34.000Z,2023-08-26T15:16:02.000Z,13_NW_SE,2023-08-26,10:00 AM,"Kelly, Monika",13,PK,NW,SE,https://five.epicollect.net/api/media/nutnet-lubb-communitycomp?type=photo&format=entry_original&name=d836f907-aa25-4316-be31-af24603951d7_1693062128.jpg,0,6,other_bare soil 1,other_bare soil,other,bare soil,1,,,,,,,
d836f907-aa25-4316-be31-af24603951d7,2023-08-26T15:04:34.000Z,2023-08-26T15:16:02.000Z,13_NW_SE,2023-08-26,10:00 AM,"Kelly, Monika",13,PK,NW,SE,https://five.epicollect.net/api/media/nutnet-lubb-communitycomp?type=photo&format=entry_original&name=d836f907-aa25-4316-be31-af24603951d7_1693062128.jpg,0,6,other_litter 98,other_litter,other,litter,98,,,,,,,
1626b9e6-d0d1-43fc-9c8c-d8542a0f3fcb,2023-08-26T14:56:45.000Z,2023-08-26T14:57:14.000Z,12_SW_NE,2023-08-26,9:53 AM,"Kelly, Monika",12,Fence,SW,NE,https://five.epicollect.net/api/media/nutnet-lubb-communitycomp?type=photo&format=entry_original&name=1626b9e6-d0d1-43fc-9c8c-d8542a0f3fcb_1693061626.jpg,0,5,SOEL_Solanum elaeagnifolium 3,SOEL_Solanum elaeagnifolium,SOEL,Solanum elaeagnifolium,3,,,,,,,
1626b9e6-d0d1-43fc-9c8c-d8542a0f3fcb,2023-08-26T14:56:45.000Z,2023-08-26T14:57:14.000Z,12_SW_NE,2023-08-26,9:53 AM,"Kelly, Monika",12,Fence,SW,NE,https://five.epicollect.net/api/media/nutnet-lubb-communitycomp?type=photo&format=entry_original&name=1626b9e6-d0d1-43fc-9c8c-d8542a0f3fcb_1693061626.jpg,0,5,CHIN_Chenopodium incanum 40,CHIN_Chenopodium incanum,CHIN,Chenopodium incanum,40,,,,,,,
1626b9e6-d0d1-43fc-9c8c-d8542a0f3fcb,2023-08-26T14:56:45.000Z,2023-08-26T14:57:14.000Z,12_SW_NE,2023-08-26,9:53 AM,"Kelly, Monika",12,Fence,SW,NE,https://five.epicollect.net/api/media/nutnet-lubb-communitycomp?type=photo&format=entry_original&name=1626b9e6-d0d1-43fc-9c8c-d8542a0f3fcb_1693061626.jpg,0,5,BOGR_bouteloua gracilis 60,BOGR_bouteloua gracilis,BOGR,bouteloua gracilis,60,,,,,,,
1626b9e6-d0d1-43fc-9c8c-d8542a0f3fcb,2023-08-26T14:56:45.000Z,2023-08-26T14:57:14.000Z,12_SW_NE,2023-08-26,9:53 AM,"Kelly, Monika",12,Fence,SW,NE,https://five.epicollect.net/api/media/nutnet-lubb-communitycomp?type=photo&format=entry_original&name=1626b9e6-d0d1-43fc-9c8c-d8542a0f3fcb_1693061626.jpg,0,5,other_litter 50,other_litter,other,litter,50,,,,,,,
1626b9e6-d0d1-43fc-9c8c-d8542a0f3fcb,2023-08-26T14:56:45.000Z,2023-08-26T14:57:14.000Z,12_SW_NE,2023-08-26,9:53 AM,"Kelly, Monika",12,Fence,SW,NE,https://five.epicollect.net/api/media/nutnet-lubb-communitycomp?type=photo&format=entry_original&name=1626b9e6-d0d1-43fc-9c8c-d8542a0f3fcb_1693061626.jpg,0,5,other_bare soil 1,other_bare soil,other,bare soil,1,,,,,,,
9de651d7-a810-44a7-8f24-761302ed6bce,2023-08-26T14:47:13.000Z,2023-08-26T14:57:05.000Z,5_NW_SW,2023-08-26,9:44 AM,"Kelly, Monika",5,NPK,NW,SW,https://five.epicollect.net/api/media/nutnet-lubb-communitycomp?type=photo&format=entry_original&name=9de651d7-a810-44a7-8f24-761302ed6bce_1693061096.jpg,0,6,CHIN_Chenopodium incanum 40,CHIN_Chenopodium incanum,CHIN,Chenopodium incanum,40,,,,,,,
9de651d7-a810-44a7-8f24-761302ed6bce,2023-08-26T14:47:13.000Z,2023-08-26T14:57:05.000Z,5_NW_SW,2023-08-26,9:44 AM,"Kelly, Monika",5,NPK,NW,SW,https://five.epicollect.net/api/media/nutnet-lubb-communitycomp?type=photo&format=entry_original&name=9de651d7-a810-44a7-8f24-761302ed6bce_1693061096.jpg,0,6,SOEL_Solanum elaeagnifolium 1,SOEL_Solanum elaeagnifolium,SOEL,Solanum elaeagnifolium,1,,,,,,,
9de651d7-a810-44a7-8f24-761302ed6bce,2023-08-26T14:47:13.000Z,2023-08-26T14:57:05.000Z,5_NW_SW,2023-08-26,9:44 AM,"Kelly, Monika",5,NPK,NW,SW,https://five.epicollect.net/api/media/nutnet-lubb-communitycomp?type=photo&format=entry_original&name=9de651d7-a810-44a7-8f24-761302ed6bce_1693061096.jpg,0,6,SATR_salsola tragus 3,SATR_salsola tragus,SATR,salsola tragus,3,,,,,,,
9de651d7-a810-44a7-8f24-761302ed6bce,2023-08-26T14:47:13.000Z,2023-08-26T14:57:05.000Z,5_NW_SW,2023-08-26,9:44 AM,"Kelly, Monika",5,NPK,NW,SW,https://five.epicollect.net/api/media/nutnet-lubb-communitycomp?type=photo&format=entry_original&name=9de651d7-a810-44a7-8f24-761302ed6bce_1693061096.jpg,0,6,BOGR_bouteloua gracilis 7,BOGR_bouteloua gracilis,BOGR,bouteloua gracilis,7,,,,,,,
9de651d7-a810-44a7-8f24-761302ed6bce,2023-08-26T14:47:13.000Z,2023-08-26T14:57:05.000Z,5_NW_SW,2023-08-26,9:44 AM,"Kelly, Monika",5,NPK,NW,SW,https://five.epicollect.net/api/media/nutnet-lubb-communitycomp?type=photo&format=entry_original&name=9de651d7-a810-44a7-8f24-761302ed6bce_1693061096.jpg,0,6,other_litter 80,other_litter,other,litter,80,,,,,,,
9de651d7-a810-44a7-8f24-761302ed6bce,2023-08-26T14:47:13.000Z,2023-08-26T14:57:05.000Z,5_NW_SW,2023-08-26,9:44 AM,"Kelly, Monika",5,NPK,NW,SW,https://five.epicollect.net/api/media/nutnet-lubb-communitycomp?type=photo&format=entry_original&name=9de651d7-a810-44a7-8f24-761302ed6bce_1693061096.jpg,0,6,other_bare soil 5,other_bare soil,other,bare soil,5,,,,,,,
fa5d982e-3f7d-46a5-949d-0a23e23d4237,2023-08-26T14:35:24.000Z,2023-08-26T14:35:46.000Z,11_NE_NW,2023-08-26,9:32 AM,"Kelly, Monika",11,NP,NE,NW,https://five.epicollect.net/api/media/nutnet-lubb-communitycomp?type=photo&format=entry_original&name=fa5d982e-3f7d-46a5-949d-0a23e23d4237_1693060453.jpg,0,4,BOGR_bouteloua gracilis 1,BOGR_bouteloua gracilis,BOGR,bouteloua gracilis,1,,,,,,,
fa5d982e-3f7d-46a5-949d-0a23e23d4237,2023-08-26T14:35:24.000Z,2023-08-26T14:35:46.000Z,11_NE_NW,2023-08-26,9:32 AM,"Kelly, Monika",11,NP,NE,NW,https://five.epicollect.net/api/media/nutnet-lubb-communitycomp?type=photo&format=entry_original&name=fa5d982e-3f7d-46a5-949d-0a23e23d4237_1693060453.jpg,0,4,CHIN_Chenopodium incanum 80,CHIN_Chenopodium incanum,CHIN,Chenopodium incanum,80,,,,,,,
fa5d982e-3f7d-46a5-949d-0a23e23d4237,2023-08-26T14:35:24.000Z,2023-08-26T14:35:46.000Z,11_NE_NW,2023-08-26,9:32 AM,"Kelly, Monika",11,NP,NE,NW,https://five.epicollect.net/api/media/nutnet-lubb-communitycomp?type=photo&format=entry_original&name=fa5d982e-3f7d-46a5-949d-0a23e23d4237_1693060453.jpg,0,4,other_litter 97,other_litter,other,litter,97,,,,,,,
fa5d982e-3f7d-46a5-949d-0a23e23d4237,2023-08-26T14:35:24.000Z,2023-08-26T14:35:46.000Z,11_NE_NW,2023-08-26,9:32 AM,"Kelly, Monika",11,NP,NE,NW,https://five.epicollect.net/api/media/nutnet-lubb-communitycomp?type=photo&format=entry_original&name=fa5d982e-3f7d-46a5-949d-0a23e23d4237_1693060453.jpg,0,4,other_bare soil 2,other_bare soil,other,bare soil,2,,,,,,,
8f80f76f-2b5c-4fe2-80bc-921248749efc,2023-08-26T14:28:47.000Z,2023-08-26T14:35:37.000Z,4_NW_SE,2023-08-26,9:27 AM,"Kelly, Monika",4,K,NW,SE,https://five.epicollect.net/api/media/nutnet-lubb-communitycomp?type=photo&format=entry_original&name=8f80f76f-2b5c-4fe2-80bc-921248749efc_1693060043.jpg,0,6,SATR_salsola tragus 1,SATR_salsola tragus,SATR,salsola tragus,1,,,,,,,
8f80f76f-2b5c-4fe2-80bc-921248749efc,2023-08-26T14:28:47.000Z,2023-08-26T14:35:37.000Z,4_NW_SE,2023-08-26,9:27 AM,"Kelly, Monika",4,K,NW,SE,https://five.epicollect.net/api/media/nutnet-lubb-communitycomp?type=photo&format=entry_original&name=8f80f76f-2b5c-4fe2-80bc-921248749efc_1693060043.jpg,0,6,SOEL_Solanum elaeagnifolium 3,SOEL_Solanum elaeagnifolium,SOEL,Solanum elaeagnifolium,3,,,,,,,
8f80f76f-2b5c-4fe2-80bc-921248749efc,2023-08-26T14:28:47.000Z,2023-08-26T14:35:37.000Z,4_NW_SE,2023-08-26,9:27 AM,"Kelly, Monika",4,K,NW,SE,https://five.epicollect.net/api/media/nutnet-lubb-communitycomp?type=photo&format=entry_original&name=8f80f76f-2b5c-4fe2-80bc-921248749efc_1693060043.jpg,0,6,CHIN_Chenopodium incanum 23,CHIN_Chenopodium incanum,CHIN,Chenopodium incanum,23,,,,,,,
8f80f76f-2b5c-4fe2-80bc-921248749efc,2023-08-26T14:28:47.000Z,2023-08-26T14:35:37.000Z,4_NW_SE,2023-08-26,9:27 AM,"Kelly, Monika",4,K,NW,SE,https://five.epicollect.net/api/media/nutnet-lubb-communitycomp?type=photo&format=entry_original&name=8f80f76f-2b5c-4fe2-80bc-921248749efc_1693060043.jpg,0,6,BOGR_bouteloua gracilis 50,BOGR_bouteloua gracilis,BOGR,bouteloua gracilis,50,,,,,,,
8f80f76f-2b5c-4fe2-80bc-921248749efc,2023-08-26T14:28:47.000Z,2023-08-26T14:35:37.000Z,4_NW_SE,2023-08-26,9:27 AM,"Kelly, Monika",4,K,NW,SE,https://five.epicollect.net/api/media/nutnet-lubb-communitycomp?type=photo&format=entry_original&name=8f80f76f-2b5c-4fe2-80bc-921248749efc_1693060043.jpg,0,6,other_litter 40,other_litter,other,litter,40,,,,,,,
8f80f76f-2b5c-4fe2-80bc-921248749efc,2023-08-26T14:28:47.000Z,2023-08-26T14:35:37.000Z,4_NW_SE,2023-08-26,9:27 AM,"Kelly, Monika",4,K,NW,SE,https://five.epicollect.net/api/media/nutnet-lubb-communitycomp?type=photo&format=entry_original&name=8f80f76f-2b5c-4fe2-80bc-921248749efc_1693060043.jpg,0,6,other_bare soil 1,other_bare soil,other,bare soil,1,,,,,,,
518c9a7c-2f18-4e6b-91f1-9cefc032e9ca,2023-08-26T14:19:49.000Z,2023-08-26T14:20:18.000Z,3_NW_NE,2023-08-26,9:17 AM,"Kelly, Monika",3,NK,NW,NE,https://five.epicollect.net/api/media/nutnet-lubb-communitycomp?type=photo&format=entry_original&name=518c9a7c-2f18-4e6b-91f1-9cefc032e9ca_1693059439.jpg,0,7,BOGR_bouteloua gracilis 8,BOGR_bouteloua gracilis,BOGR,bouteloua gracilis,8,,,,,,,
518c9a7c-2f18-4e6b-91f1-9cefc032e9ca,2023-08-26T14:19:49.000Z,2023-08-26T14:20:18.000Z,3_NW_NE,2023-08-26,9:17 AM,"Kelly, Monika",3,NK,NW,NE,https://five.epicollect.net/api/media/nutnet-lubb-communitycomp?type=photo&format=entry_original&name=518c9a7c-2f18-4e6b-91f1-9cefc032e9ca_1693059439.jpg,0,7,SOEL_Solanum elaeagnifolium 5,SOEL_Solanum elaeagnifolium,SOEL,Solanum elaeagnifolium,5,,,,,,,
518c9a7c-2f18-4e6b-91f1-9cefc032e9ca,2023-08-26T14:19:49.000Z,2023-08-26T14:20:18.000Z,3_NW_NE,2023-08-26,9:17 AM,"Kelly, Monika",3,NK,NW,NE,https://five.epicollect.net/api/media/nutnet-lubb-communitycomp?type=photo&format=entry_original&name=518c9a7c-2f18-4e6b-91f1-9cefc032e9ca_1693059439.jpg,0,7,2plant (notes required) 30,2plant (notes required),2plant (notes required),notes,30,https://five.epicollect.net/api/media/nutnet-lubb-communitycomp?type=photo&format=entry_original&name=f7854950-febc-4411-9645-c0f740ea10c4_1693059527.jpg,Asteraceae sp. maybe gutierrezia sarothrae?,,,,,
518c9a7c-2f18-4e6b-91f1-9cefc032e9ca,2023-08-26T14:19:49.000Z,2023-08-26T14:20:18.000Z,3_NW_NE,2023-08-26,9:17 AM,"Kelly, Monika",3,NK,NW,NE,https://five.epicollect.net/api/media/nutnet-lubb-communitycomp?type=photo&format=entry_original&name=518c9a7c-2f18-4e6b-91f1-9cefc032e9ca_1693059439.jpg,0,7,SATR_salsola tragus 3,SATR_salsola tragus,SATR,salsola tragus,3,,,,,,,
518c9a7c-2f18-4e6b-91f1-9cefc032e9ca,2023-08-26T14:19:49.000Z,2023-08-26T14:20:18.000Z,3_NW_NE,2023-08-26,9:17 AM,"Kelly, Monika",3,NK,NW,NE,https://five.epicollect.net/api/media/nutnet-lubb-communitycomp?type=photo&format=entry_original&name=518c9a7c-2f18-4e6b-91f1-9cefc032e9ca_1693059439.jpg,0,7,CHIN_Chenopodium incanum 12,CHIN_Chenopodium incanum,CHIN,Chenopodium incanum,12,,,,,,,
518c9a7c-2f18-4e6b-91f1-9cefc032e9ca,2023-08-26T14:19:49.000Z,2023-08-26T14:20:18.000Z,3_NW_NE,2023-08-26,9:17 AM,"Kelly, Monika",3,NK,NW,NE,https://five.epicollect.net/api/media/nutnet-lubb-communitycomp?type=photo&format=entry_original&name=518c9a7c-2f18-4e6b-91f1-9cefc032e9ca_1693059439.jpg,0,7,other_bare soil 60,other_bare soil,other,bare soil,60,,,,,,,
518c9a7c-2f18-4e6b-91f1-9cefc032e9ca,2023-08-26T14:19:49.000Z,2023-08-26T14:20:18.000Z,3_NW_NE,2023-08-26,9:17 AM,"Kelly, Monika",3,NK,NW,NE,https://five.epicollect.net/api/media/nutnet-lubb-communitycomp?type=photo&format=entry_original&name=518c9a7c-2f18-4e6b-91f1-9cefc032e9ca_1693059439.jpg,0,7,other_bare soil 3,other_bare soil,other,bare soil,3,,,,,,,
e594f53c-7b74-4361-8f22-e48be877c61a,2023-08-26T14:06:46.000Z,2023-08-26T14:20:09.000Z,9_SW_NE,2023-08-26,9:04 AM,"Kelly, Monika",9,N,SW,NE,https://five.epicollect.net/api/media/nutnet-lubb-communitycomp?type=photo&format=entry_original&name=e594f53c-7b74-4361-8f22-e48be877c61a_1693058683.jpg,0,6,SOEL_Solanum elaeagnifolium 1,SOEL_Solanum elaeagnifolium,SOEL,Solanum elaeagnifolium,1,,,,,,,
e594f53c-7b74-4361-8f22-e48be877c61a,2023-08-26T14:06:46.000Z,2023-08-26T14:20:09.000Z,9_SW_NE,2023-08-26,9:04 AM,"Kelly, Monika",9,N,SW,NE,https://five.epicollect.net/api/media/nutnet-lubb-communitycomp?type=photo&format=entry_original&name=e594f53c-7b74-4361-8f22-e48be877c61a_1693058683.jpg,0,6,SATR_salsola tragus 4,SATR_salsola tragus,SATR,salsola tragus,4,,,,,,,
e594f53c-7b74-4361-8f22-e48be877c61a,2023-08-26T14:06:46.000Z,2023-08-26T14:20:09.000Z,9_SW_NE,2023-08-26,9:04 AM,"Kelly, Monika",9,N,SW,NE,https://five.epicollect.net/api/media/nutnet-lubb-communitycomp?type=photo&format=entry_original&name=e594f53c-7b74-4361-8f22-e48be877c61a_1693058683.jpg,0,6,BOGR_bouteloua gracilis 5,BOGR_bouteloua gracilis,BOGR,bouteloua gracilis,5,,,,,,,
e594f53c-7b74-4361-8f22-e48be877c61a,2023-08-26T14:06:46.000Z,2023-08-26T14:20:09.000Z,9_SW_NE,2023-08-26,9:04 AM,"Kelly, Monika",9,N,SW,NE,https://five.epicollect.net/api/media/nutnet-lubb-communitycomp?type=photo&format=entry_original&name=e594f53c-7b74-4361-8f22-e48be877c61a_1693058683.jpg,0,6,CHIN_Chenopodium incanum 40,CHIN_Chenopodium incanum,CHIN,Chenopodium incanum,40,,,,,,,
e594f53c-7b74-4361-8f22-e48be877c61a,2023-08-26T14:06:46.000Z,2023-08-26T14:20:09.000Z,9_SW_NE,2023-08-26,9:04 AM,"Kelly, Monika",9,N,SW,NE,https://five.epicollect.net/api/media/nutnet-lubb-communitycomp?type=photo&format=entry_original&name=e594f53c-7b74-4361-8f22-e48be877c61a_1693058683.jpg,0,6,other_litter 80,other_litter,other,litter,80,,,,,,,
e594f53c-7b74-4361-8f22-e48be877c61a,2023-08-26T14:06:46.000Z,2023-08-26T14:20:09.000Z,9_SW_NE,2023-08-26,9:04 AM,"Kelly, Monika",9,N,SW,NE,https://five.epicollect.net/api/media/nutnet-lubb-communitycomp?type=photo&format=entry_original&name=e594f53c-7b74-4361-8f22-e48be877c61a_1693058683.jpg,0,6,other_bare soil 15,other_bare soil,other,bare soil,15,,,,,,,
0faaf186-b02a-40b5-93d2-ef69d4898fbd,2023-08-26T13:55:01.000Z,2023-08-26T13:55:08.000Z,2_NE_SE,2023-08-26,8:45 AM,"Kelly, Monika",2,NPK+Fence,NE,SE,https://five.epicollect.net/api/media/nutnet-lubb-communitycomp?type=photo&format=entry_original&name=0faaf186-b02a-40b5-93d2-ef69d4898fbd_1693057566.jpg,0,5,SOEL_Solanum elaeagnifolium 2,SOEL_Solanum elaeagnifolium,SOEL,Solanum elaeagnifolium,2,,,,,,,
0faaf186-b02a-40b5-93d2-ef69d4898fbd,2023-08-26T13:55:01.000Z,2023-08-26T13:55:08.000Z,2_NE_SE,2023-08-26,8:45 AM,"Kelly, Monika",2,NPK+Fence,NE,SE,https://five.epicollect.net/api/media/nutnet-lubb-communitycomp?type=photo&format=entry_original&name=0faaf186-b02a-40b5-93d2-ef69d4898fbd_1693057566.jpg,0,5,SATR_salsola tragus 5,SATR_salsola tragus,SATR,salsola tragus,5,,,,,,,
0faaf186-b02a-40b5-93d2-ef69d4898fbd,2023-08-26T13:55:01.000Z,2023-08-26T13:55:08.000Z,2_NE_SE,2023-08-26,8:45 AM,"Kelly, Monika",2,NPK+Fence,NE,SE,https://five.epicollect.net/api/media/nutnet-lubb-communitycomp?type=photo&format=entry_original&name=0faaf186-b02a-40b5-93d2-ef69d4898fbd_1693057566.jpg,0,5,CHIN_Chenopodium incanum 50,CHIN_Chenopodium incanum,CHIN,Chenopodium incanum,50,,,,,,,
0faaf186-b02a-40b5-93d2-ef69d4898fbd,2023-08-26T13:55:01.000Z,2023-08-26T13:55:08.000Z,2_NE_SE,2023-08-26,8:45 AM,"Kelly, Monika",2,NPK+Fence,NE,SE,https://five.epicollect.net/api/media/nutnet-lubb-communitycomp?type=photo&format=entry_original&name=0faaf186-b02a-40b5-93d2-ef69d4898fbd_1693057566.jpg,0,5,other_litter 90,other_litter,other,litter,90,,,,,,,
0faaf186-b02a-40b5-93d2-ef69d4898fbd,2023-08-26T13:55:01.000Z,2023-08-26T13:55:08.000Z,2_NE_SE,2023-08-26,8:45 AM,"Kelly, Monika",2,NPK+Fence,NE,SE,https://five.epicollect.net/api/media/nutnet-lubb-communitycomp?type=photo&format=entry_original&name=0faaf186-b02a-40b5-93d2-ef69d4898fbd_1693057566.jpg,0,5,other_bare soil 10,other_bare soil,other,bare soil,10,,,,,,,
70cb0114-441b-400e-91de-f1cca363c5e6,2023-08-26T13:37:55.000Z,2023-08-26T13:59:03.000Z,8_NW_NE,2023-08-26,8:29 AM,"Kelly, Monika",8,Control,NW,NE,https://five.epicollect.net/api/media/nutnet-lubb-communitycomp?type=photo&format=entry_original&name=70cb0114-441b-400e-91de-f1cca363c5e6_1693056587.jpg,0,7,SOEL_Solanum elaeagnifolium 15,SOEL_Solanum elaeagnifolium,SOEL,Solanum elaeagnifolium,15,,,,,,,
70cb0114-441b-400e-91de-f1cca363c5e6,2023-08-26T13:37:55.000Z,2023-08-26T13:59:03.000Z,8_NW_NE,2023-08-26,8:29 AM,"Kelly, Monika",8,Control,NW,NE,https://five.epicollect.net/api/media/nutnet-lubb-communitycomp?type=photo&format=entry_original&name=70cb0114-441b-400e-91de-f1cca363c5e6_1693056587.jpg,0,7,TELA_teucrium laciniatum 1,TELA_teucrium laciniatum,TELA,teucrium laciniatum,1,https://five.epicollect.net/api/media/nutnet-lubb-communitycomp?type=photo&format=entry_original&name=939b3407-4149-4856-bd00-07243792a29f_1693056834.jpg,,,,,,
70cb0114-441b-400e-91de-f1cca363c5e6,2023-08-26T13:37:55.000Z,2023-08-26T13:59:03.000Z,8_NW_NE,2023-08-26,8:29 AM,"Kelly, Monika",8,Control,NW,NE,https://five.epicollect.net/api/media/nutnet-lubb-communitycomp?type=photo&format=entry_original&name=70cb0114-441b-400e-91de-f1cca363c5e6_1693056587.jpg,0,7,SATR_salsola tragus 10,SATR_salsola tragus,SATR,salsola tragus,10,,,,,,,
70cb0114-441b-400e-91de-f1cca363c5e6,2023-08-26T13:37:55.000Z,2023-08-26T13:59:03.000Z,8_NW_NE,2023-08-26,8:29 AM,"Kelly, Monika",8,Control,NW,NE,https://five.epicollect.net/api/media/nutnet-lubb-communitycomp?type=photo&format=entry_original&name=70cb0114-441b-400e-91de-f1cca363c5e6_1693056587.jpg,0,7,CHIN_Chenopodium incanum 5,CHIN_Chenopodium incanum,CHIN,Chenopodium incanum,5,,,,,,,
70cb0114-441b-400e-91de-f1cca363c5e6,2023-08-26T13:37:55.000Z,2023-08-26T13:59:03.000Z,8_NW_NE,2023-08-26,8:29 AM,"Kelly, Monika",8,Control,NW,NE,https://five.epicollect.net/api/media/nutnet-lubb-communitycomp?type=photo&format=entry_original&name=70cb0114-441b-400e-91de-f1cca363c5e6_1693056587.jpg,0,7,BOGR_bouteloua gracilis 15,BOGR_bouteloua gracilis,BOGR,bouteloua gracilis,15,,,,,,,
70cb0114-441b-400e-91de-f1cca363c5e6,2023-08-26T13:37:55.000Z,2023-08-26T13:59:03.000Z,8_NW_NE,2023-08-26,8:29 AM,"Kelly, Monika",8,Control,NW,NE,https://five.epicollect.net/api/media/nutnet-lubb-communitycomp?type=photo&format=entry_original&name=70cb0114-441b-400e-91de-f1cca363c5e6_1693056587.jpg,0,7,other_litter 50,other_litter,other,litter,50,,,,,,,
70cb0114-441b-400e-91de-f1cca363c5e6,2023-08-26T13:37:55.000Z,2023-08-26T13:59:03.000Z,8_NW_NE,2023-08-26,8:29 AM,"Kelly, Monika",8,Control,NW,NE,https://five.epicollect.net/api/media/nutnet-lubb-communitycomp?type=photo&format=entry_original&name=70cb0114-441b-400e-91de-f1cca363c5e6_1693056587.jpg,0,7,other_bare soil 45,other_bare soil,other,bare soil,45,,,,,,,
,,,,,,,,,,,,,,,,,,,,,,,,,
,,,,,,,,,,,,,,,,,,,,,,,,,
,,,,,,,,,,,,,,,,,,,,,,,,,
,,,,,,,,,,,,,,,,,,,,,,,,,
,,,,,,,,,,,,,,,,,,,,,,,,,
,,,,,,,,,,,,,,,,,,,,,,,,,
,,,,,,,,,,,,,,,,,,,,,,,,,
,,,,,,,,,,,,,,,,,,,,,,,,,
,,,,,,,,,,,,,,,,,,,,,,,,,
,,,,,,,,,,,,,,,,,,,,,,,,,
,,,,,,,,,,,,,,,,,,,,,,,,,
,,,,,,,,,,,,,,,,,,,,,,,,,
,,,,,,,,,,,,,,,,,,,,,,,,,
,,,,,,,,,,,,,,,,,,,,,,,,,
,,,,,,,,,,,,,,,,,,,,,,,,,
,,,,,,,,,,,,,,,,,,,,,,,,,
,,,,,,,,,,,,,,,,,,,,,,,,,
,,,,,,,,,,,,,,,,,,,,,,,,,
,,,,,,,,,,,,,,,,,,,,,,,,,
,,,,,,,,,,,,,,,,,,,,,,,,,
,,,,,,,,,,,,,,,,,,,,,,,,,
,,,,,,,,,,,,,,,,,,,,,,,,,
,,,,,,,,,,,,,,,,,,,,,,,,,
,,,,,,,,,,,,,,,,,,,,,,,,,
,,,,,,,,,,,,,,,,,,,,,,,,,
,,,,,,,,,,,,,,,,,,,,,,,,,
,,,,,,,,,,,,,,,,,,,,,,,,,
,,,,,,,,,,,,,,,,,,,,,,,,,
,,,,,,,,,,,,,,,,,,,,,,,,,
,,,,,,,,,,,,,,,,,,,,,,,,,
,,,,,,,,,,,,,,,,,,,,,,,,,
,,,,,,,,,,,,,,,,,,,,,,,,,
,,,,,,,,,,,,,,,,,,,,,,,,,
,,,,,,,,,,,,,,,,,,,,,,,,,
,,,,,,,,,,,,,,,,,,,,,,,,,
,,,,,,,,,,,,,,,,,,,,,,,,,
,,,,,,,,,,,,,,,,,,,,,,,,,
,,,,,,,,,,,,,,,,,,,,,,,,,
,,,,,,,,,,,,,,,,,,,,,,,,,
,,,,,,,,,,,,,,,,,,,,,,,,,
,,,,,,,,,,,,,,,,,,,,,,,,,
,,,,,,,,,,,,,,,,,,,,,,,,,
,,,,,,,,,,,,,,,,,,,,,,,,,
,,,,,,,,,,,,,,,,,,,,,,,,,
,,,,,,,,,,,,,,,,,,,,,,,,,
,,,,,,,,,,,,,,,,,,,,,,,,,
,,,,,,,,,,,,,,,,,,,,,,,,,
,,,,,,,,,,,,,,,,,,,,,,,,,
,,,,,,,,,,,,,,,,,,,,,,,,,
,,,,,,,,,,,,,,,,,,,,,,,,,
,,,,,,,,,,,,,,,,,,,,,,,,,
,,,,,,,,,,,,,,,,,,,,,,,,,
,,,,,,,,,,,,,,,,,,,,,,,,,
,,,,,,,,,,,,,,,,,,,,,,,,,
,,,,,,,,,,,,,,,,,,,,,,,,,
,,,,,,,,,,,,,,,,,,,,,,,,,
,,,,,,,,,,,,,,,,,,,,,,,,,
,,,,,,,,,,,,,,,,,,,,,,,,,
,,,,,,,,,,,,,,,,,,,,,,,,,
,,,,,,,,,,,,,,,,,,,,,,,,,
,,,,,,,,,,,,,,,,,,,,,,,,,
,,,,,,,,,,,,,,,,,,,,,,,,,
,,,,,,,,,,,,,,,,,,,,,,,,,
,,,,,,,,,,,,,,,,,,,,,,,,,
,,,,,,,,,,,,,,,,,,,,,,,,,
,,,,,,,,,,,,,,,,,,,,,,,,,
,,,,,,,,,,,,,,,,,,,,,,,,,
,,,,,,,,,,,,,,,,,,,,,,,,,
,,,,,,,,,,,,,,,,,,,,,,,,,
,,,,,,,,,,,,,,,,,,,,,,,,,
,,,,,,,,,,,,,,,,,,,,,,,,,
,,,,,,,,,,,,,,,,,,,,,,,,,
,,,,,,,,,,,,,,,,,,,,,,,,,
,,,,,,,,,,,,,,,,,,,,,,,,,
,,,,,,,,,,,,,,,,,,,,,,,,,
,,,,,,,,,,,,,,,,,,,,,,,,,
,,,,,,,,,,,,,,,,,,,,,,,,,
,,,,,,,,,,,,,,,,,,,,,,,,,
,,,,,,,,,,,,,,,,,,,,,,,,,
,,,,,,,,,,,,,,,,,,,,,,,,,
,,,,,,,,,,,,,,,,,,,,,,,,,
,,,,,,,,,,,,,,,,,,,,,,,,,
,,,,,,,,,,,,,,,,,,,,,,,,,
,,,,,,,,,,,,,,,,,,,,,,,,,
,,,,,,,,,,,,,,,,,,,,,,,,,
,,,,,,,,,,,,,,,,,,,,,,,,,
,,,,,,,,,,,,,,,,,,,,,,,,,
,,,,,,,,,,,,,,,,,,,,,,,,,
,,,,,,,,,,,,,,,,,,,,,,,,,
,,,,,,,,,,,,,,,,,,,,,,,,,
,,,,,,,,,,,,,,,,,,,,,,,,,
,,,,,,,,,,,,,,,,,,,,,,,,,
,,,,,,,,,,,,,,,,,,,,,,,,,
,,,,,,,,,,,,,,,,,,,,,,,,,
,,,,,,,,,,,,,,,,,,,,,,,,,
,,,,,,,,,,,,,,,,,,,,,,,,,
,,,,,,,,,,,,,,,,,,,,,,,,,
,,,,,,,,,,,,,,,,,,,,,,,,,
,,,,,,,,,,,,,,,,,,,,,,,,,
,,,,,,,,,,,,,,,,,,,,,,,,,
,,,,,,,,,,,,,,,,,,,,,,,,,
,,,,,,,,,,,,,,,,,,,,,,,,,
,,,,,,,,,,,,,,,,,,,,,,,,,
,,,,,,,,,,,,,,,,,,,,,,,,,
,,,,,,,,,,,,,,,,,,,,,,,,,
,,,,,,,,,,,,,,,,,,,,,,,,,
,,,,,,,,,,,,,,,,,,,,,,,,,
,,,,,,,,,,,,,,,,,,,,,,,,,
,,,,,,,,,,,,,,,,,,,,,,,,,
,,,,,,,,,,,,,,,,,,,,,,,,,
,,,,,,,,,,,,,,,,,,,,,,,,,
,,,,,,,,,,,,,,,,,,,,,,,,,
,,,,,,,,,,,,,,,,,,,,,,,,,
,,,,,,,,,,,,,,,,,,,,,,,,,
,,,,,,,,,,,,,,,,,,,,,,,,,
,,,,,,,,,,,,,,,,,,,,,,,,,
,,,,,,,,,,,,,,,,,,,,,,,,,
,,,,,,,,,,,,,,,,,,,,,,,,,
,,,,,,,,,,,,,,,,,,,,,,,,,
,,,,,,,,,,,,,,,,,,,,,,,,,
,,,,,,,,,,,,,,,,,,,,,,,,,
,,,,,,,,,,,,,,,,,,,,,,,,,
,,,,,,,,,,,,,,,,,,,,,,,,,
,,,,,,,,,,,,,,,,,,,,,,,,,
,,,,,,,,,,,,,,,,,,,,,,,,,
,,,,,,,,,,,,,,,,,,,,,,,,,
,,,,,,,,,,,,,,,,,,,,,,,,,
,,,,,,,,,,,,,,,,,,,,,,,,,
,,,,,,,,,,,,,,,,,,,,,,,,,
,,,,,,,,,,,,,,,,,,,,,,,,,
,,,,,,,,,,,,,,,,,,,,,,,,,
,,,,,,,,,,,,,,,,,,,,,,,,,
,,,,,,,,,,,,,,,,,,,,,,,,,
,,,,,,,,,,,,,,,,,,,,,,,,,
,,,,,,,,,,,,,,,,,,,,,,,,,
,,,,,,,,,,,,,,,,,,,,,,,,,
,,,,,,,,,,,,,,,,,,,,,,,,,
,,,,,,,,,,,,,,,,,,,,,,,,,
,,,,,,,,,,,,,,,,,,,,,,,,,
,,,,,,,,,,,,,,,,,,,,,,,,,
,,,,,,,,,,,,,,,,,,,,,,,,,
,,,,,,,,,,,,,,,,,,,,,,,,,
,,,,,,,,,,,,,,,,,,,,,,,,,
,,,,,,,,,,,,,,,,,,,,,,,,,
,,,,,,,,,,,,,,,,,,,,,,,,,
,,,,,,,,,,,,,,,,,,,,,,,,,
,,,,,,,,,,,,,,,,,,,,,,,,,
,,,,,,,,,,,,,,,,,,,,,,,,,
,,,,,,,,,,,,,,,,,,,,,,,,,
,,,,,,,,,,,,,,,,,,,,,,,,,
,,,,,,,,,,,,,,,,,,,,,,,,,
,,,,,,,,,,,,,,,,,,,,,,,,,
,,,,,,,,,,,,,,,,,,,,,,,,,
,,,,,,,,,,,,,,,,,,,,,,,,,
,,,,,,,,,,,,,,,,,,,,,,,,,
,,,,,,,,,,,,,,,,,,,,,,,,,
,,,,,,,,,,,,,,,,,,,,,,,,,
,,,,,,,,,,,,,,,,,,,,,,,,,
,,,,,,,,,,,,,,,,,,,,,,,,,
,,,,,,,,,,,,,,,,,,,,,,,,,
,,,,,,,,,,,,,,,,,,,,,,,,,
,,,,,,,,,,,,,,,,,,,,,,,,,
,,,,,,,,,,,,,,,,,,,,,,,,,
,,,,,,,,,,,,,,,,,,,,,,,,,
,,,,,,,,,,,,,,,,,,,,,,,,,
,,,,,,,,,,,,,,,,,,,,,,,,,
,,,,,,,,,,,,,,,,,,,,,,,,,
,,,,,,,,,,,,,,,,,,,,,,,,,
,,,,,,,,,,,,,,,,,,,,,,,,,
,,,,,,,,,,,,,,,,,,,,,,,,,
,,,,,,,,,,,,,,,,,,,,,,,,,
,,,,,,,,,,,,,,,,,,,,,,,,,
,,,,,,,,,,,,,,,,,,,,,,,,,
,,,,,,,,,,,,,,,,,,,,,,,,,
,,,,,,,,,,,,,,,,,,,,,,,,,
,,,,,,,,,,,,,,,,,,,,,,,,,
,,,,,,,,,,,,,,,,,,,,,,,,,
,,,,,,,,,,,,,,,,,,,,,,,,,
,,,,,,,,,,,,,,,,,,,,,,,,,
,,,,,,,,,,,,,,,,,,,,,,,,,
,,,,,,,,,,,,,,,,,,,,,,,,,
,,,,,,,,,,,,,,,,,,,,,,,,,
,,,,,,,,,,,,,,,,,,,,,,,,,
,,,,,,,,,,,,,,,,,,,,,,,,,
,,,,,,,,,,,,,,,,,,,,,,,,,
,,,,,,,,,,,,,,,,,,,,,,,,,
,,,,,,,,,,,,,,,,,,,,,,,,,
,,,,,,,,,,,,,,,,,,,,,,,,,
,,,,,,,,,,,,,,,,,,,,,,,,,
,,,,,,,,,,,,,,,,,,,,,,,,,
,,,,,,,,,,,,,,,,,,,,,,,,,
,,,,,,,,,,,,,,,,,,,,,,,,,
,,,,,,,,,,,,,,,,,,,,,,,,,
,,,,,,,,,,,,,,,,,,,,,,,,,
,,,,,,,,,,,,,,,,,,,,,,,,,
,,,,,,,,,,,,,,,,,,,,,,,,,
,,,,,,,,,,,,,,,,,,,,,,,,,
,,,,,,,,,,,,,,,,,,,,,,,,,
,,,,,,,,,,,,,,,,,,,,,,,,,
,,,,,,,,,,,,,,,,,,,,,,,,,
,,,,,,,,,,,,,,,,,,,,,,,,,
,,,,,,,,,,,,,,,,,,,,,,,,,
,,,,,,,,,,,,,,,,,,,,,,,,,
,,,,,,,,,,,,,,,,,,,,,,,,,
,,,,,,,,,,,,,,,,,,,,,,,,,
,,,,,,,,,,,,,,,,,,,,,,,,,
,,,,,,,,,,,,,,,,,,,,,,,,,
,,,,,,,,,,,,,,,,,,,,,,,,,
,,,,,,,,,,,,,,,,,,,,,,,,,
,,,,,,,,,,,,,,,,,,,,,,,,,
,,,,,,,,,,,,,,,,,,,,,,,,,
,,,,,,,,,,,,,,,,,,,,,,,,,
,,,,,,,,,,,,,,,,,,,,,,,,,
,,,,,,,,,,,,,,,,,,,,,,,,,
,,,,,,,,,,,,,,,,,,,,,,,,,
,,,,,,,,,,,,,,,,,,,,,,,,,
,,,,,,,,,,,,,,,,,,,,,,,,,
,,,,,,,,,,,,,,,,,,,,,,,,,
,,,,,,,,,,,,,,,,,,,,,,,,,
,,,,,,,,,,,,,,,,,,,,,,,,,
,,,,,,,,,,,,,,,,,,,,,,,,,
,,,,,,,,,,,,,,,,,,,,,,,,,
,,,,,,,,,,,,,,,,,,,,,,,,,
,,,,,,,,,,,,,,,,,,,,,,,,,
,,,,,,,,,,,,,,,,,,,,,,,,,
,,,,,,,,,,,,,,,,,,,,,,,,,
,,,,,,,,,,,,,,,,,,,,,,,,,
,,,,,,,,,,,,,,,,,,,,,,,,,
,,,,,,,,,,,,,,,,,,,,,,,,,
,,,,,,,,,,,,,,,,,,,,,,,,,
,,,,,,,,,,,,,,,,,,,,,,,,,
,,,,,,,,,,,,,,,,,,,,,,,,,
,,,,,,,,,,,,,,,,,,,,,,,,,
,,,,,,,,,,,,,,,,,,,,,,,,,
,,,,,,,,,,,,,,,,,,,,,,,,,
,,,,,,,,,,,,,,,,,,,,,,,,,
,,,,,,,,,,,,,,,,,,,,,,,,,
,,,,,,,,,,,,,,,,,,,,,,,,,
,,,,,,,,,,,,,,,,,,,,,,,,,
,,,,,,,,,,,,,,,,,,,,,,,,,
,,,,,,,,,,,,,,,,,,,,,,,,,
,,,,,,,,,,,,,,,,,,,,,,,,,
,,,,,,,,,,,,,,,,,,,,,,,,,
,,,,,,,,,,,,,,,,,,,,,,,,,
,,,,,,,,,,,,,,,,,,,,,,,,,
,,,,,,,,,,,,,,,,,,,,,,,,,
,,,,,,,,,,,,,,,,,,,,,,,,,
,,,,,,,,,,,,,,,,,,,,,,,,,
,,,,,,,,,,,,,,,,,,,,,,,,,
,,,,,,,,,,,,,,,,,,,,,,,,,
,,,,,,,,,,,,,,,,,,,,,,,,,
,,,,,,,,,,,,,,,,,,,,,,,,,
,,,,,,,,,,,,,,,,,,,,,,,,,
,,,,,,,,,,,,,,,,,,,,,,,,,
,,,,,,,,,,,,,,,,,,,,,,,,,
,,,,,,,,,,,,,,,,,,,,,,,,,
,,,,,,,,,,,,,,,,,,,,,,,,,
,,,,,,,,,,,,,,,,,,,,,,,,,
,,,,,,,,,,,,,,,,,,,,,,,,,
,,,,,,,,,,,,,,,,,,,,,,,,,
,,,,,,,,,,,,,,,,,,,,,,,,,
,,,,,,,,,,,,,,,,,,,,,,,,,
,,,,,,,,,,,,,,,,,,,,,,,,,
,,,,,,,,,,,,,,,,,,,,,,,,,
,,,,,,,,,,,,,,,,,,,,,,,,,
,,,,,,,,,,,,,,,,,,,,,,,,,
,,,,,,,,,,,,,,,,,,,,,,,,,
,,,,,,,,,,,,,,,,,,,,,,,,,
,,,,,,,,,,,,,,,,,,,,,,,,,
,,,,,,,,,,,,,,,,,,,,,,,,,
,,,,,,,,,,,,,,,,,,,,,,,,,
,,,,,,,,,,,,,,,,,,,,,,,,,
,,,,,,,,,,,,,,,,,,,,,,,,,
,,,,,,,,,,,,,,,,,,,,,,,,,
,,,,,,,,,,,,,,,,,,,,,,,,,
,,,,,,,,,,,,,,,,,,,,,,,,,
,,,,,,,,,,,,,,,,,,,,,,,,,
,,,,,,,,,,,,,,,,,,,,,,,,,
,,,,,,,,,,,,,,,,,,,,,,,,,
,,,,,,,,,,,,,,,,,,,,,,,,,
,,,,,,,,,,,,,,,,,,,,,,,,,
,,,,,,,,,,,,,,,,,,,,,,,,,
,,,,,,,,,,,,,,,,,,,,,,,,,
,,,,,,,,,,,,,,,,,,,,,,,,,
,,,,,,,,,,,,,,,,,,,,,,,,,
,,,,,,,,,,,,,,,,,,,,,,,,,
,,,,,,,,,,,,,,,,,,,,,,,,,
,,,,,,,,,,,,,,,,,,,,,,,,,
,,,,,,,,,,,,,,,,,,,,,,,,,
,,,,,,,,,,,,,,,,,,,,,,,,,
,,,,,,,,,,,,,,,,,,,,,,,,,
,,,,,,,,,,,,,,,,,,,,,,,,,
,,,,,,,,,,,,,,,,,,,,,,,,,
,,,,,,,,,,,,,,,,,,,,,,,,,
,,,,,,,,,,,,,,,,,,,,,,,,,
,,,,,,,,,,,,,,,,,,,,,,,,,
,,,,,,,,,,,,,,,,,,,,,,,,,
,,,,,,,,,,,,,,,,,,,,,,,,,
,,,,,,,,,,,,,,,,,,,,,,,,,
,,,,,,,,,,,,,,,,,,,,,,,,,
,,,,,,,,,,,,,,,,,,,,,,,,,
,,,,,,,,,,,,,,,,,,,,,,,,,
,,,,,,,,,,,,,,,,,,,,,,,,,
,,,,,,,,,,,,,,,,,,,,,,,,,
,,,,,,,,,,,,,,,,,,,,,,,,,
,,,,,,,,,,,,,,,,,,,,,,,,,
,,,,,,,,,,,,,,,,,,,,,,,,,
,,,,,,,,,,,,,,,,,,,,,,,,,
,,,,,,,,,,,,,,,,,,,,,,,,,
,,,,,,,,,,,,,,,,,,,,,,,,,
,,,,,,,,,,,,,,,,,,,,,,,,,
,,,,,,,,,,,,,,,,,,,,,,,,,
,,,,,,,,,,,,,,,,,,,,,,,,,
,,,,,,,,,,,,,,,,,,,,,,,,,
,,,,,,,,,,,,,,,,,,,,,,,,,
,,,,,,,,,,,,,,,,,,,,,,,,,
,,,,,,,,,,,,,,,,,,,,,,,,,
,,,,,,,,,,,,,,,,,,,,,,,,,
,,,,,,,,,,,,,,,,,,,,,,,,,
,,,,,,,,,,,,,,,,,,,,,,,,,
,,,,,,,,,,,,,,,,,,,,,,,,,
,,,,,,,,,,,,,,,,,,,,,,,,,
,,,,,,,,,,,,,,,,,,,,,,,,,
,,,,,,,,,,,,,,,,,,,,,,,,,
,,,,,,,,,,,,,,,,,,,,,,,,,
,,,,,,,,,,,,,,,,,,,,,,,,,
,,,,,,,,,,,,,,,,,,,,,,,,,
,,,,,,,,,,,,,,,,,,,,,,,,,
,,,,,,,,,,,,,,,,,,,,,,,,,
,,,,,,,,,,,,,,,,,,,,,,,,,
,,,,,,,,,,,,,,,,,,,,,,,,,
,,,,,,,,,,,,,,,,,,,,,,,,,
,,,,,,,,,,,,,,,,,,,,,,,,,
,,,,,,,,,,,,,,,,,,,,,,,,,
,,,,,,,,,,,,,,,,,,,,,,,,,
,,,,,,,,,,,,,,,,,,,,,,,,,
,,,,,,,,,,,,,,,,,,,,,,,,,
,,,,,,,,,,,,,,,,,,,,,,,,,
,,,,,,,,,,,,,,,,,,,,,,,,,
,,,,,,,,,,,,,,,,,,,,,,,,,
,,,,,,,,,,,,,,,,,,,,,,,,,
,,,,,,,,,,,,,,,,,,,,,,,,,
,,,,,,,,,,,,,,,,,,,,,,,,,
,,,,,,,,,,,,,,,,,,,,,,,,,
,,,,,,,,,,,,,,,,,,,,,,,,,
,,,,,,,,,,,,,,,,,,,,,,,,,
,,,,,,,,,,,,,,,,,,,,,,,,,
,,,,,,,,,,,,,,,,,,,,,,,,,
,,,,,,,,,,,,,,,,,,,,,,,,,
,,,,,,,,,,,,,,,,,,,,,,,,,
,,,,,,,,,,,,,,,,,,,,,,,,,
,,,,,,,,,,,,,,,,,,,,,,,,,
,,,,,,,,,,,,,,,,,,,,,,,,,
,,,,,,,,,,,,,,,,,,,,,,,,,
,,,,,,,,,,,,,,,,,,,,,,,,,
,,,,,,,,,,,,,,,,,,,,,,,,,
,,,,,,,,,,,,,,,,,,,,,,,,,
,,,,,,,,,,,,,,,,,,,,,,,,,
,,,,,,,,,,,,,,,,,,,,,,,,,
,,,,,,,,,,,,,,,,,,,,,,,,,
,,,,,,,,,,,,,,,,,,,,,,,,,
,,,,,,,,,,,,,,,,,,,,,,,,,
,,,,,,,,,,,,,,,,,,,,,,,,,
,,,,,,,,,,,,,,,,,,,,,,,,,
,,,,,,,,,,,,,,,,,,,,,,,,,
,,,,,,,,,,,,,,,,,,,,,,,,,
,,,,,,,,,,,,,,,,,,,,,,,,,
,,,,,,,,,,,,,,,,,,,,,,,,,
,,,,,,,,,,,,,,,,,,,,,,,,,
,,,,,,,,,,,,,,,,,,,,,,,,,
,,,,,,,,,,,,,,,,,,,,,,,,,
,,,,,,,,,,,,,,,,,,,,,,,,,
,,,,,,,,,,,,,,,,,,,,,,,,,
,,,,,,,,,,,,,,,,,,,,,,,,,
,,,,,,,,,,,,,,,,,,,,,,,,,
,,,,,,,,,,,,,,,,,,,,,,,,,
,,,,,,,,,,,,,,,,,,,,,,,,,
,,,,,,,,,,,,,,,,,,,,,,,,,
,,,,,,,,,,,,,,,,,,,,,,,,,
,,,,,,,,,,,,,,,,,,,,,,,,,
,,,,,,,,,,,,,,,,,,,,,,,,,
,,,,,,,,,,,,,,,,,,,,,,,,,
,,,,,,,,,,,,,,,,,,,,,,,,,
,,,,,,,,,,,,,,,,,,,,,,,,,
,,,,,,,,,,,,,,,,,,,,,,,,,
,,,,,,,,,,,,,,,,,,,,,,,,,
,,,,,,,,,,,,,,,,,,,,,,,,,
,,,,,,,,,,,,,,,,,,,,,,,,,
,,,,,,,,,,,,,,,,,,,,,,,,,
,,,,,,,,,,,,,,,,,,,,,,,,,
,,,,,,,,,,,,,,,,,,,,,,,,,
,,,,,,,,,,,,,,,,,,,,,,,,,
,,,,,,,,,,,,,,,,,,,,,,,,,
,,,,,,,,,,,,,,,,,,,,,,,,,
,,,,,,,,,,,,,,,,,,,,,,,,,
,,,,,,,,,,,,,,,,,,,,,,,,,
,,,,,,,,,,,,,,,,,,,,,,,,,
,,,,,,,,,,,,,,,,,,,,,,,,,
,,,,,,,,,,,,,,,,,,,,,,,,,
,,,,,,,,,,,,,,,,,,,,,,,,,
,,,,,,,,,,,,,,,,,,,,,,,,,
,,,,,,,,,,,,,,,,,,,,,,,,,
,,,,,,,,,,,,,,,,,,,,,,,,,
,,,,,,,,,,,,,,,,,,,,,,,,,
,,,,,,,,,,,,,,,,,,,,,,,,,
,,,,,,,,,,,,,,,,,,,,,,,,,
,,,,,,,,,,,,,,,,,,,,,,,,,
,,,,,,,,,,,,,,,,,,,,,,,,,
,,,,,,,,,,,,,,,,,,,,,,,,,
,,,,,,,,,,,,,,,,,,,,,,,,,
,,,,,,,,,,,,,,,,,,,,,,,,,
,,,,,,,,,,,,,,,,,,,,,,,,,
,,,,,,,,,,,,,,,,,,,,,,,,,
,,,,,,,,,,,,,,,,,,,,,,,,,
,,,,,,,,,,,,,,,,,,,,,,,,,
,,,,,,,,,,,,,,,,,,,,,,,,,
,,,,,,,,,,,,,,,,,,,,,,,,,
,,,,,,,,,,,,,,,,,,,,,,,,,
,,,,,,,,,,,,,,,,,,,,,,,,,
,,,,,,,,,,,,,,,,,,,,,,,,,
,,,,,,,,,,,,,,,,,,,,,,,,,
,,,,,,,,,,,,,,,,,,,,,,,,,
,,,,,,,,,,,,,,,,,,,,,,,,,
,,,,,,,,,,,,,,,,,,,,,,,,,
,,,,,,,,,,,,,,,,,,,,,,,,,
,,,,,,,,,,,,,,,,,,,,,,,,,
,,,,,,,,,,,,,,,,,,,,,,,,,
,,,,,,,,,,,,,,,,,,,,,,,,,
,,,,,,,,,,,,,,,,,,,,,,,,,
,,,,,,,,,,,,,,,,,,,,,,,,,
,,,,,,,,,,,,,,,,,,,,,,,,,
,,,,,,,,,,,,,,,,,,,,,,,,,
,,,,,,,,,,,,,,,,,,,,,,,,,
,,,,,,,,,,,,,,,,,,,,,,,,,
,,,,,,,,,,,,,,,,,,,,,,,,,
,,,,,,,,,,,,,,,,,,,,,,,,,
,,,,,,,,,,,,,,,,,,,,,,,,,
,,,,,,,,,,,,,,,,,,,,,,,,,
,,,,,,,,,,,,,,,,,,,,,,,,,
,,,,,,,,,,,,,,,,,,,,,,,,,
,,,,,,,,,,,,,,,,,,,,,,,,,
,,,,,,,,,,,,,,,,,,,,,,,,,
,,,,,,,,,,,,,,,,,,,,,,,,,
,,,,,,,,,,,,,,,,,,,,,,,,,
,,,,,,,,,,,,,,,,,,,,,,,,,
,,,,,,,,,,,,,,,,,,,,,,,,,
,,,,,,,,,,,,,,,,,,,,,,,,,
,,,,,,,,,,,,,,,,,,,,,,,,,
,,,,,,,,,,,,,,,,,,,,,,,,,
,,,,,,,,,,,,,,,,,,,,,,,,,
,,,,,,,,,,,,,,,,,,,,,,,,,
,,,,,,,,,,,,,,,,,,,,,,,,,
,,,,,,,,,,,,,,,,,,,,,,,,,
,,,,,,,,,,,,,,,,,,,,,,,,,
,,,,,,,,,,,,,,,,,,,,,,,,,
,,,,,,,,,,,,,,,,,,,,,,,,,
,,,,,,,,,,,,,,,,,,,,,,,,,
,,,,,,,,,,,,,,,,,,,,,,,,,
,,,,,,,,,,,,,,,,,,,,,,,,,
,,,,,,,,,,,,,,,,,,,,,,,,,
,,,,,,,,,,,,,,,,,,,,,,,,,
,,,,,,,,,,,,,,,,,,,,,,,,,
,,,,,,,,,,,,,,,,,,,,,,,,,
,,,,,,,,,,,,,,,,,,,,,,,,,
,,,,,,,,,,,,,,,,,,,,,,,,,
,,,,,,,,,,,,,,,,,,,,,,,,,
,,,,,,,,,,,,,,,,,,,,,,,,,
,,,,,,,,,,,,,,,,,,,,,,,,,
,,,,,,,,,,,,,,,,,,,,,,,,,
,,,,,,,,,,,,,,,,,,,,,,,,,
,,,,,,,,,,,,,,,,,,,,,,,,,
,,,,,,,,,,,,,,,,,,,,,,,,,
,,,,,,,,,,,,,,,,,,,,,,,,,
,,,,,,,,,,,,,,,,,,,,,,,,,
,,,,,,,,,,,,,,,,,,,,,,,,,
,,,,,,,,,,,,,,,,,,,,,,,,,
,,,,,,,,,,,,,,,,,,,,,,,,,
,,,,,,,,,,,,,,,,,,,,,,,,,
,,,,,,,,,,,,,,,,,,,,,,,,,
,,,,,,,,,,,,,,,,,,,,,,,,,
,,,,,,,,,,,,,,,,,,,,,,,,,
,,,,,,,,,,,,,,,,,,,,,,,,,
,,,,,,,,,,,,,,,,,,,,,,,,,
,,,,,,,,,,,,,,,,,,,,,,,,,
,,,,,,,,,,,,,,,,,,,,,,,,,
,,,,,,,,,,,,,,,,,,,,,,,,,
,,,,,,,,,,,,,,,,,,,,,,,,,
,,,,,,,,,,,,,,,,,,,,,,,,,
,,,,,,,,,,,,,,,,,,,,,,,,,
,,,,,,,,,,,,,,,,,,,,,,,,,
,,,,,,,,,,,,,,,,,,,,,,,,,
,,,,,,,,,,,,,,,,,,,,,,,,,
,,,,,,,,,,,,,,,,,,,,,,,,,
,,,,,,,,,,,,,,,,,,,,,,,,,
,,,,,,,,,,,,,,,,,,,,,,,,,
,,,,,,,,,,,,,,,,,,,,,,,,,
,,,,,,,,,,,,,,,,,,,,,,,,,
,,,,,,,,,,,,,,,,,,,,,,,,,
,,,,,,,,,,,,,,,,,,,,,,,,,
,,,,,,,,,,,,,,,,,,,,,,,,,
,,,,,,,,,,,,,,,,,,,,,,,,,
,,,,,,,,,,,,,,,,,,,,,,,,,
,,,,,,,,,,,,,,,,,,,,,,,,,
,,,,,,,,,,,,,,,,,,,,,,,,,
,,,,,,,,,,,,,,,,,,,,,,,,,
,,,,,,,,,,,,,,,,,,,,,,,,,
,,,,,,,,,,,,,,,,,,,,,,,,,
,,,,,,,,,,,,,,,,,,,,,,,,,
,,,,,,,,,,,,,,,,,,,,,,,,,
,,,,,,,,,,,,,,,,,,,,,,,,,
,,,,,,,,,,,,,,,,,,,,,,,,,
,,,,,,,,,,,,,,,,,,,,,,,,,
,,,,,,,,,,,,,,,,,,,,,,,,,
,,,,,,,,,,,,,,,,,,,,,,,,,
,,,,,,,,,,,,,,,,,,,,,,,,,
,,,,,,,,,,,,,,,,,,,,,,,,,
,,,,,,,,,,,,,,,,,,,,,,,,,
,,,,,,,,,,,,,,,,,,,,,,,,,
,,,,,,,,,,,,,,,,,,,,,,,,,
,,,,,,,,,,,,,,,,,,,,,,,,,
,,,,,,,,,,,,,,,,,,,,,,,,,
,,,,,,,,,,,,,,,,,,,,,,,,,
,,,,,,,,,,,,,,,,,,,,,,,,,
,,,,,,,,,,,,,,,,,,,,,,,,,
,,,,,,,,,,,,,,,,,,,,,,,,,
,,,,,,,,,,,,,,,,,,,,,,,,,
,,,,,,,,,,,,,,,,,,,,,,,,,
,,,,,,,,,,,,,,,,,,,,,,,,,
,,,,,,,,,,,,,,,,,,,,,,,,,
,,,,,,,,,,,,,,,,,,,,,,,,,
,,,,,,,,,,,,,,,,,,,,,,,,,
,,,,,,,,,,,,,,,,,,,,,,,,,
,,,,,,,,,,,,,,,,,,,,,,,,,
,,,,,,,,,,,,,,,,,,,,,,,,,
,,,,,,,,,,,,,,,,,,,,,,,,,
,,,,,,,,,,,,,,,,,,,,,,,,,
,,,,,,,,,,,,,,,,,,,,,,,,,
,,,,,,,,,,,,,,,,,,,,,,,,,
,,,,,,,,,,,,,,,,,,,,,,,,,
,,,,,,,,,,,,,,,,,,,,,,,,,
,,,,,,,,,,,,,,,,,,,,,,,,,
,,,,,,,,,,,,,,,,,,,,,,,,,
,,,,,,,,,,,,,,,,,,,,,,,,,
,,,,,,,,,,,,,,,,,,,,,,,,,
,,,,,,,,,,,,,,,,,,,,,,,,,
,,,,,,,,,,,,,,,,,,,,,,,,,
,,,,,,,,,,,,,,,,,,,,,,,,,
,,,,,,,,,,,,,,,,,,,,,,,,,
,,,,,,,,,,,,,,,,,,,,,,,,,
,,,,,,,,,,,,,,,,,,,,,,,,,
,,,,,,,,,,,,,,,,,,,,,,,,,
,,,,,,,,,,,,,,,,,,,,,,,,,
,,,,,,,,,,,,,,,,,,,,,,,,,
,,,,,,,,,,,,,,,,,,,,,,,,,
,,,,,,,,,,,,,,,,,,,,,,,,,
,,,,,,,,,,,,,,,,,,,,,,,,,
,,,,,,,,,,,,,,,,,,,,,,,,,
,,,,,,,,,,,,,,,,,,,,,,,,,
,,,,,,,,,,,,,,,,,,,,,,,,,
,,,,,,,,,,,,,,,,,,,,,,,,,
,,,,,,,,,,,,,,,,,,,,,,,,,
,,,,,,,,,,,,,,,,,,,,,,,,,
,,,,,,,,,,,,,,,,,,,,,,,,,
,,,,,,,,,,,,,,,,,,,,,,,,,
,,,,,,,,,,,,,,,,,,,,,,,,,
,,,,,,,,,,,,,,,,,,,,,,,,,
,,,,,,,,,,,,,,,,,,,,,,,,,
,,,,,,,,,,,,,,,,,,,,,,,,,
,,,,,,,,,,,,,,,,,,,,,,,,,
,,,,,,,,,,,,,,,,,,,,,,,,,
,,,,,,,,,,,,,,,,,,,,,,,,,
,,,,,,,,,,,,,,,,,,,,,,,,,
,,,,,,,,,,,,,,,,,,,,,,,,,
,,,,,,,,,,,,,,,,,,,,,,,,,
,,,,,,,,,,,,,,,,,,,,,,,,,
,,,,,,,,,,,,,,,,,,,,,,,,,
,,,,,,,,,,,,,,,,,,,,,,,,,
,,,,,,,,,,,,,,,,,,,,,,,,,
,,,,,,,,,,,,,,,,,,,,,,,,,
,,,,,,,,,,,,,,,,,,,,,,,,,
,,,,,,,,,,,,,,,,,,,,,,,,,
,,,,,,,,,,,,,,,,,,,,,,,,,
,,,,,,,,,,,,,,,,,,,,,,,,,
,,,,,,,,,,,,,,,,,,,,,,,,,
,,,,,,,,,,,,,,,,,,,,,,,,,
,,,,,,,,,,,,,,,,,,,,,,,,,
,,,,,,,,,,,,,,,,,,,,,,,,,
,,,,,,,,,,,,,,,,,,,,,,,,,
,,,,,,,,,,,,,,,,,,,,,,,,,
,,,,,,,,,,,,,,,,,,,,,,,,,
,,,,,,,,,,,,,,,,,,,,,,,,,
,,,,,,,,,,,,,,,,,,,,,,,,,
,,,,,,,,,,,,,,,,,,,,,,,,,
,,,,,,,,,,,,,,,,,,,,,,,,,
,,,,,,,,,,,,,,,,,,,,,,,,,
,,,,,,,,,,,,,,,,,,,,,,,,,
,,,,,,,,,,,,,,,,,,,,,,,,,
,,,,,,,,,,,,,,,,,,,,,,,,,
,,,,,,,,,,,,,,,,,,,,,,,,,
,,,,,,,,,,,,,,,,,,,,,,,,,
,,,,,,,,,,,,,,,,,,,,,,,,,
,,,,,,,,,,,,,,,,,,,,,,,,,
,,,,,,,,,,,,,,,,,,,,,,,,,
,,,,,,,,,,,,,,,,,,,,,,,,,
,,,,,,,,,,,,,,,,,,,,,,,,,
,,,,,,,,,,,,,,,,,,,,,,,,,
,,,,,,,,,,,,,,,,,,,,,,,,,
,,,,,,,,,,,,,,,,,,,,,,,,,
,,,,,,,,,,,,,,,,,,,,,,,,,
,,,,,,,,,,,,,,,,,,,,,,,,,
,,,,,,,,,,,,,,,,,,,,,,,,,
,,,,,,,,,,,,,,,,,,,,,,,,,
,,,,,,,,,,,,,,,,,,,,,,,,,
,,,,,,,,,,,,,,,,,,,,,,,,,
,,,,,,,,,,,,,,,,,,,,,,,,,
,,,,,,,,,,,,,,,,,,,,,,,,,
,,,,,,,,,,,,,,,,,,,,,,,,,
,,,,,,,,,,,,,,,,,,,,,,,,,
,,,,,,,,,,,,,,,,,,,,,,,,,
,,,,,,,,,,,,,,,,,,,,,,,,,
,,,,,,,,,,,,,,,,,,,,,,,,,
,,,,,,,,,,,,,,,,,,,,,,,,,
,,,,,,,,,,,,,,,,,,,,,,,,,
,,,,,,,,,,,,,,,,,,,,,,,,,
,,,,,,,,,,,,,,,,,,,,,,,,,
,,,,,,,,,,,,,,,,,,,,,,,,,
,,,,,,,,,,,,,,,,,,,,,,,,,
,,,,,,,,,,,,,,,,,,,,,,,,,
,,,,,,,,,,,,,,,,,,,,,,,,,
,,,,,,,,,,,,,,,,,,,,,,,,,
,,,,,,,,,,,,,,,,,,,,,,,,,
,,,,,,,,,,,,,,,,,,,,,,,,,
,,,,,,,,,,,,,,,,,,,,,,,,,
,,,,,,,,,,,,,,,,,,,,,,,,,
,,,,,,,,,,,,,,,,,,,,,,,,,
,,,,,,,,,,,,,,,,,,,,,,,,,
,,,,,,,,,,,,,,,,,,,,,,,,,
,,,,,,,,,,,,,,,,,,,,,,,,,
,,,,,,,,,,,,,,,,,,,,,,,,,
,,,,,,,,,,,,,,,,,,,,,,,,,
,,,,,,,,,,,,,,,,,,,,,,,,,
,,,,,,,,,,,,,,,,,,,,,,,,,
,,,,,,,,,,,,,,,,,,,,,,,,,
,,,,,,,,,,,,,,,,,,,,,,,,,
,,,,,,,,,,,,,,,,,,,,,,,,,
,,,,,,,,,,,,,,,,,,,,,,,,,
,,,,,,,,,,,,,,,,,,,,,,,,,
,,,,,,,,,,,,,,,,,,,,,,,,,
,,,,,,,,,,,,,,,,,,,,,,,,,
,,,,,,,,,,,,,,,,,,,,,,,,,
,,,,,,,,,,,,,,,,,,,,,,,,,
,,,,,,,,,,,,,,,,,,,,,,,,,
,,,,,,,,,,,,,,,,,,,,,,,,,
,,,,,,,,,,,,,,,,,,,,,,,,,
,,,,,,,,,,,,,,,,,,,,,,,,,
,,,,,,,,,,,,,,,,,,,,,,,,,
,,,,,,,,,,,,,,,,,,,,,,,,,
,,,,,,,,,,,,,,,,,,,,,,,,,
,,,,,,,,,,,,,,,,,,,,,,,,,
,,,,,,,,,,,,,,,,,,,,,,,,,
,,,,,,,,,,,,,,,,,,,,,,,,,
,,,,,,,,,,,,,,,,,,,,,,,,,
,,,,,,,,,,,,,,,,,,,,,,,,,
,,,,,,,,,,,,,,,,,,,,,,,,,
,,,,,,,,,,,,,,,,,,,,,,,,,
,,,,,,,,,,,,,,,,,,,,,,,,,
,,,,,,,,,,,,,,,,,,,,,,,,,
,,,,,,,,,,,,,,,,,,,,,,,,,
,,,,,,,,,,,,,,,,,,,,,,,,,
,,,,,,,,,,,,,,,,,,,,,,,,,
,,,,,,,,,,,,,,,,,,,,,,,,,
,,,,,,,,,,,,,,,,,,,,,,,,,
,,,,,,,,,,,,,,,,,,,,,,,,,
,,,,,,,,,,,,,,,,,,,,,,,,,
,,,,,,,,,,,,,,,,,,,,,,,,,
,,,,,,,,,,,,,,,,,,,,,,,,,
,,,,,,,,,,,,,,,,,,,,,,,,,
,,,,,,,,,,,,,,,,,,,,,,,,,
,,,,,,,,,,,,,,,,,,,,,,,,,
,,,,,,,,,,,,,,,,,,,,,,,,,
,,,,,,,,,,,,,,,,,,,,,,,,,
,,,,,,,,,,,,,,,,,,,,,,,,,
,,,,,,,,,,,,,,,,,,,,,,,,,
,,,,,,,,,,,,,,,,,,,,,,,,,
,,,,,,,,,,,,,,,,,,,,,,,,,
,,,,,,,,,,,,,,,,,,,,,,,,,
,,,,,,,,,,,,,,,,,,,,,,,,,
,,,,,,,,,,,,,,,,,,,,,,,,,
,,,,,,,,,,,,,,,,,,,,,,,,,
,,,,,,,,,,,,,,,,,,,,,,,,,
,,,,,,,,,,,,,,,,,,,,,,,,,
,,,,,,,,,,,,,,,,,,,,,,,,,
,,,,,,,,,,,,,,,,,,,,,,,,,
,,,,,,,,,,,,,,,,,,,,,,,,,
,,,,,,,,,,,,,,,,,,,,,,,,,
,,,,,,,,,,,,,,,,,,,,,,,,,
,,,,,,,,,,,,,,,,,,,,,,,,,
,,,,,,,,,,,,,,,,,,,,,,,,,
,,,,,,,,,,,,,,,,,,,,,,,,,
,,,,,,,,,,,,,,,,,,,,,,,,,
,,,,,,,,,,,,,,,,,,,,,,,,,
,,,,,,,,,,,,,,,,,,,,,,,,,
,,,,,,,,,,,,,,,,,,,,,,,,,
,,,,,,,,,,,,,,,,,,,,,,,,,
,,,,,,,,,,,,,,,,,,,,,,,,,
,,,,,,,,,,,,,,,,,,,,,,,,,
,,,,,,,,,,,,,,,,,,,,,,,,,
,,,,,,,,,,,,,,,,,,,,,,,,,
,,,,,,,,,,,,,,,,,,,,,,,,,
,,,,,,,,,,,,,,,,,,,,,,,,,
,,,,,,,,,,,,,,,,,,,,,,,,,
,,,,,,,,,,,,,,,,,,,,,,,,,
,,,,,,,,,,,,,,,,,,,,,,,,,
,,,,,,,,,,,,,,,,,,,,,,,,,
,,,,,,,,,,,,,,,,,,,,,,,,,
,,,,,,,,,,,,,,,,,,,,,,,,,
,,,,,,,,,,,,,,,,,,,,,,,,,
,,,,,,,,,,,,,,,,,,,,,,,,,
,,,,,,,,,,,,,,,,,,,,,,,,,
,,,,,,,,,,,,,,,,,,,,,,,,,
,,,,,,,,,,,,,,,,,,,,,,,,,
,,,,,,,,,,,,,,,,,,,,,,,,,
,,,,,,,,,,,,,,,,,,,,,,,,,
,,,,,,,,,,,,,,,,,,,,,,,,,
,,,,,,,,,,,,,,,,,,,,,,,,,
,,,,,,,,,,,,,,,,,,,,,,,,,
,,,,,,,,,,,,,,,,,,,,,,,,,
,,,,,,,,,,,,,,,,,,,,,,,,,
,,,,,,,,,,,,,,,,,,,,,,,,,
,,,,,,,,,,,,,,,,,,,,,,,,,
,,,,,,,,,,,,,,,,,,,,,,,,,
,,,,,,,,,,,,,,,,,,,,,,,,,
,,,,,,,,,,,,,,,,,,,,,,,,,
,,,,,,,,,,,,,,,,,,,,,,,,,
,,,,,,,,,,,,,,,,,,,,,,,,,
,,,,,,,,,,,,,,,,,,,,,,,,,
,,,,,,,,,,,,,,,,,,,,,,,,,
,,,,,,,,,,,,,,,,,,,,,,,,,
,,,,,,,,,,,,,,,,,,,,,,,,,
,,,,,,,,,,,,,,,,,,,,,,,,,
,,,,,,,,,,,,,,,,,,,,,,,,,
,,,,,,,,,,,,,,,,,,,,,,,,,
,,,,,,,,,,,,,,,,,,,,,,,,,
,,,,,,,,,,,,,,,,,,,,,,,,,
,,,,,,,,,,,,,,,,,,,,,,,,,
,,,,,,,,,,,,,,,,,,,,,,,,,
,,,,,,,,,,,,,,,,,,,,,,,,,
,,,,,,,,,,,,,,,,,,,,,,,,,
,,,,,,,,,,,,,,,,,,,,,,,,,
,,,,,,,,,,,,,,,,,,,,,,,,,
,,,,,,,,,,,,,,,,,,,,,,,,,
,,,,,,,,,,,,,,,,,,,,,,,,,
,,,,,,,,,,,,,,,,,,,,,,,,,
,,,,,,,,,,,,,,,,,,,,,,,,,
,,,,,,,,,,,,,,,,,,,,,,,,,
,,,,,,,,,,,,,,,,,,,,,,,,,
,,,,,,,,,,,,,,,,,,,,,,,,,
,,,,,,,,,,,,,,,,,,,,,,,,,
,,,,,,,,,,,,,,,,,,,,,,,,,
,,,,,,,,,,,,,,,,,,,,,,,,,
,,,,,,,,,,,,,,,,,,,,,,,,,
,,,,,,,,,,,,,,,,,,,,,,,,,
,,,,,,,,,,,,,,,,,,,,,,,,,
,,,,,,,,,,,,,,,,,,,,,,,,,
,,,,,,,,,,,,,,,,,,,,,,,,,
,,,,,,,,,,,,,,,,,,,,,,,,,
,,,,,,,,,,,,,,,,,,,,,,,,,
,,,,,,,,,,,,,,,,,,,,,,,,,
,,,,,,,,,,,,,,,,,,,,,,,,,
,,,,,,,,,,,,,,,,,,,,,,,,,
,,,,,,,,,,,,,,,,,,,,,,,,,
,,,,,,,,,,,,,,,,,,,,,,,,,
,,,,,,,,,,,,,,,,,,,,,,,,,
,,,,,,,,,,,,,,,,,,,,,,,,,
,,,,,,,,,,,,,,,,,,,,,,,,,
,,,,,,,,,,,,,,,,,,,,,,,,,
,,,,,,,,,,,,,,,,,,,,,,,,,
,,,,,,,,,,,,,,,,,,,,,,,,,
,,,,,,,,,,,,,,,,,,,,,,,,,
,,,,,,,,,,,,,,,,,,,,,,,,,
,,,,,,,,,,,,,,,,,,,,,,,,,
,,,,,,,,,,,,,,,,,,,,,,,,,
,,,,,,,,,,,,,,,,,,,,,,,,,
,,,,,,,,,,,,,,,,,,,,,,,,,
,,,,,,,,,,,,,,,,,,,,,,,,,
,,,,,,,,,,,,,,,,,,,,,,,,,
,,,,,,,,,,,,,,,,,,,,,,,,,
,,,,,,,,,,,,,,,,,,,,,,,,,
,,,,,,,,,,,,,,,,,,,,,,,,,
,,,,,,,,,,,,,,,,,,,,,,,,,
,,,,,,,,,,,,,,,,,,,,,,,,,
,,,,,,,,,,,,,,,,,,,,,,,,,
,,,,,,,,,,,,,,,,,,,,,,,,,
,,,,,,,,,,,,,,,,,,,,,,,,,
,,,,,,,,,,,,,,,,,,,,,,,,,
,,,,,,,,,,,,,,,,,,,,,,,,,
,,,,,,,,,,,,,,,,,,,,,,,,,
,,,,,,,,,,,,,,,,,,,,,,,,,
,,,,,,,,,,,,,,,,,,,,,,,,,
,,,,,,,,,,,,,,,,,,,,,,,,,
,,,,,,,,,,,,,,,,,,,,,,,,,
,,,,,,,,,,,,,,,,,,,,,,,,,
,,,,,,,,,,,,,,,,,,,,,,,,,
,,,,,,,,,,,,,,,,,,,,,,,,,
,,,,,,,,,,,,,,,,,,,,,,,,,
,,,,,,,,,,,,,,,,,,,,,,,,,
,,,,,,,,,,,,,,,,,,,,,,,,,
,,,,,,,,,,,,,,,,,,,,,,,,,
,,,,,,,,,,,,,,,,,,,,,,,,,
,,,,,,,,,,,,,,,,,,,,,,,,,
,,,,,,,,,,,,,,,,,,,,,,,,,
,,,,,,,,,,,,,,,,,,,,,,,,,
,,,,,,,,,,,,,,,,,,,,,,,,,
,,,,,,,,,,,,,,,,,,,,,,,,,
,,,,,,,,,,,,,,,,,,,,,,,,,
,,,,,,,,,,,,,,,,,,,,,,,,,
,,,,,,,,,,,,,,,,,,,,,,,,,
,,,,,,,,,,,,,,,,,,,,,,,,,
,,,,,,,,,,,,,,,,,,,,,,,,,
,,,,,,,,,,,,,,,,,,,,,,,,,
,,,,,,,,,,,,,,,,,,,,,,,,,