Day,Month,Year,DOY,Plot,Subplot,Code,Percent.Cover,binomial,lifeform,family,genus,species
8,6,2018,159,1,NE,BARE,8,bareground,BARE,bareground,bareground,NA
8,6,2018,159,1,NE,SoEl,12,Solanum elaegnaifolium,Forb,Solanaceae,Solanum,elaegnaifolium
8,6,2018,159,1,NE,BoGr,25,Bouteloua gracilis,Grass,Poaceae,Bouteloua,gracilis
8,6,2018,159,1,NE,LITT,92,litter,LITT,litter,litter,NA
8,6,2018,159,2,NE,LaCo,6,Laennecia coulteri,Forb,Asteraceae,Laennecia,coulteri
8,6,2018,159,2,NE,BoGr,20,Bouteloua gracilis,Grass,Poaceae,Bouteloua,gracilis
8,6,2018,159,2,NE,SoEl,22,Solanum elaegnaifolium,Forb,Solanaceae,Solanum,elaegnaifolium
8,6,2018,159,2,NE,BARE,30,bareground,BARE,bareground,bareground,NA
8,6,2018,159,2,NE,LITT,70,litter,LITT,litter,litter,NA
8,6,2018,159,3,NW,BoGr,17,Bouteloua gracilis,Grass,Poaceae,Bouteloua,gracilis
8,6,2018,159,3,NW,SoEl,18,Solanum elaegnaifolium,Forb,Solanaceae,Solanum,elaegnaifolium
8,6,2018,159,3,NW,BARE,32,bareground,BARE,bareground,bareground,NA
8,6,2018,159,3,NW,LITT,60,litter,LITT,litter,litter,NA
8,6,2018,159,4,NW,BARE,4,bareground,BARE,bareground,bareground,NA
8,6,2018,159,4,NW,SoEl,6,Solanum elaegnaifolium,Forb,Solanaceae,Solanum,elaegnaifolium
8,6,2018,159,4,NW,BoGr,11,Bouteloua gracilis,Grass,Poaceae,Bouteloua,gracilis
8,6,2018,159,4,NW,LITT,98,litter,LITT,litter,litter,NA
8,6,2018,159,5,NW,RaCo,1,Ratibida columnifera,Forb,Asteraceae,Ratibida,columnifera
8,6,2018,159,5,NW,LaCo,3,Laennecia coulteri,Forb,Asteraceae,Laennecia,coulteri
8,6,2018,159,5,NW,SoEl,8,Solanum elaegnaifolium,Forb,Solanaceae,Solanum,elaegnaifolium
8,6,2018,159,5,NW,BoGr,9,Bouteloua gracilis,Grass,Poaceae,Bouteloua,gracilis
8,6,2018,159,5,NW,LITT,33,litter,LITT,litter,litter,NA
8,6,2018,159,5,NW,BARE,38,bareground,BARE,bareground,bareground,NA
8,6,2018,159,6,SE,SoEl,12,Solanum elaegnaifolium,Forb,Solanaceae,Solanum,elaegnaifolium
8,6,2018,159,6,SE,LITT,100,litter,LITT,litter,litter,NA
8,6,2018,159,7,NE,ChIn,7,Chinopodium incanum,Forb,Chenopodiaceae,Chinopodium,incanum
8,6,2018,159,7,NE,BoGr,15,Bouteloua gracilis,Grass,Poaceae,Bouteloua,gracilis
8,6,2018,159,7,NE,LaCo,21,Laennecia coulteri,Forb,Asteraceae,Laennecia,coulteri
8,6,2018,159,7,NE,LITT,90,litter,LITT,litter,litter,NA
8,6,2018,159,8,NW,SoEl,15,Solanum elaegnaifolium,Forb,Solanaceae,Solanum,elaegnaifolium
8,6,2018,159,8,NW,BoGr,38,Bouteloua gracilis,Grass,Poaceae,Bouteloua,gracilis
8,6,2018,159,8,NW,LITT,100,litter,LITT,litter,litter,NA
8,6,2018,159,9,SW,BARE,2,bareground,BARE,bareground,bareground,NA
8,6,2018,159,9,SW,SoEl,2,Solanum elaegnaifolium,Forb,Solanaceae,Solanum,elaegnaifolium
8,6,2018,159,9,SW,LaCo,6,Laennecia coulteri,Forb,Asteraceae,Laennecia,coulteri
8,6,2018,159,9,SW,BoGr,17,Bouteloua gracilis,Grass,Poaceae,Bouteloua,gracilis
8,6,2018,159,9,SW,LITT,95,litter,LITT,litter,litter,NA
8,6,2018,159,10,SW,SoEl,6,Solanum elaegnaifolium,Forb,Solanaceae,Solanum,elaegnaifolium
8,6,2018,159,10,SW,BARE,16,bareground,BARE,bareground,bareground,NA
8,6,2018,159,10,SW,BoGr,19,Bouteloua gracilis,Grass,Poaceae,Bouteloua,gracilis
8,6,2018,159,10,SW,LITT,87,litter,LITT,litter,litter,NA
8,6,2018,159,11,NE,LaCo,2,Laennecia coulteri,Forb,Asteraceae,Laennecia,coulteri
8,6,2018,159,11,NE,ChIn,3,Chinopodium incanum,Forb,Chenopodiaceae,Chinopodium,incanum
8,6,2018,159,11,NE,BARE,4,bareground,BARE,bareground,bareground,NA
8,6,2018,159,11,NE,SoEl,10,Solanum elaegnaifolium,Forb,Solanaceae,Solanum,elaegnaifolium
8,6,2018,159,11,NE,BoGr,17,Bouteloua gracilis,Grass,Poaceae,Bouteloua,gracilis
8,6,2018,159,11,NE,LITT,82,litter,LITT,litter,litter,NA
8,6,2018,159,12,SW,ChIn,2,Chinopodium incanum,Forb,Chenopodiaceae,Chinopodium,incanum
8,6,2018,159,12,SW,BARE,5,bareground,BARE,bareground,bareground,NA
8,6,2018,159,12,SW,SoEl,6,Solanum elaegnaifolium,Forb,Solanaceae,Solanum,elaegnaifolium
8,6,2018,159,12,SW,BoGr,24,Bouteloua gracilis,Grass,Poaceae,Bouteloua,gracilis
8,6,2018,159,12,SW,LITT,85,litter,LITT,litter,litter,NA
8,6,2018,159,13,NW,BoGr,6,Bouteloua gracilis,Grass,Poaceae,Bouteloua,gracilis
8,6,2018,159,13,NW,SoEl,12,Solanum elaegnaifolium,Forb,Solanaceae,Solanum,elaegnaifolium
8,6,2018,159,13,NW,LITT,110,litter,LITT,litter,litter,NA
8,6,2018,159,14,NE,SoEl,4,Solanum elaegnaifolium,Forb,Solanaceae,Solanum,elaegnaifolium
8,6,2018,159,14,NE,BARE,6,bareground,BARE,bareground,bareground,NA
8,6,2018,159,14,NE,BoGr,20,Bouteloua gracilis,Grass,Poaceae,Bouteloua,gracilis
8,6,2018,159,14,NE,LITT,95,litter,LITT,litter,litter,NA
8,6,2018,159,15,NW,ChIn,1,Chinopodium incanum,Forb,Chenopodiaceae,Chinopodium,incanum
8,6,2018,159,15,NW,BARE,5,bareground,BARE,bareground,bareground,NA
8,6,2018,159,15,NW,BoGr,26,Bouteloua gracilis,Grass,Poaceae,Bouteloua,gracilis
8,6,2018,159,15,NW,LITT,80,litter,LITT,litter,litter,NA
8,6,2018,159,16,SW,SoEl,1,Solanum elaegnaifolium,Forb,Solanaceae,Solanum,elaegnaifolium
8,6,2018,159,16,SW,BoGr,35,Bouteloua gracilis,Grass,Poaceae,Bouteloua,gracilis
8,6,2018,159,16,SW,LITT,100,litter,LITT,litter,litter,NA
8,6,2018,159,17,NW,ChIn,2,Chinopodium incanum,Forb,Chenopodiaceae,Chinopodium,incanum
8,6,2018,159,17,NW,BARE,23,bareground,BARE,bareground,bareground,NA
8,6,2018,159,17,NW,BoGr,45,Bouteloua gracilis,Grass,Poaceae,Bouteloua,gracilis
8,6,2018,159,17,NW,LITT,77,litter,LITT,litter,litter,NA
8,6,2018,159,18,NW,ChIn,3,Chinopodium incanum,Forb,Chenopodiaceae,Chinopodium,incanum
8,6,2018,159,18,NW,LaCo,3,Laennecia coulteri,Forb,Asteraceae,Laennecia,coulteri
8,6,2018,159,18,NW,BoGr,15,Bouteloua gracilis,Grass,Poaceae,Bouteloua,gracilis
8,6,2018,159,18,NW,LITT,100,litter,LITT,litter,litter,NA
8,6,2018,159,19,NE,SoEl,4,Solanum elaegnaifolium,Forb,Solanaceae,Solanum,elaegnaifolium
8,6,2018,159,19,NE,ChIn,8,Chinopodium incanum,Forb,Chenopodiaceae,Chinopodium,incanum
8,6,2018,159,19,NE,BARE,10,bareground,BARE,bareground,bareground,NA
8,6,2018,159,19,NE,PrGl,12,Prosopis glandulosa,Shrub/tree,Fabaceae,Prosopis,glandulosa
8,6,2018,159,19,NE,BoGr,17,Bouteloua gracilis,Grass,Poaceae,Bouteloua,gracilis
8,6,2018,159,19,NE,LITT,85,litter,LITT,litter,litter,NA
8,6,2018,159,20,SW,SoEl,1,Solanum elaegnaifolium,Forb,Solanaceae,Solanum,elaegnaifolium
8,6,2018,159,20,SW,BARE,2,bareground,BARE,bareground,bareground,NA
8,6,2018,159,20,SW,BoGr,37,Bouteloua gracilis,Grass,Poaceae,Bouteloua,gracilis
8,6,2018,159,20,SW,LITT,98,litter,LITT,litter,litter,NA
8,6,2018,159,21,SE,SoEl,4,Solanum elaegnaifolium,Forb,Solanaceae,Solanum,elaegnaifolium
8,6,2018,159,21,SE,BoGr,40,Bouteloua gracilis,Grass,Poaceae,Bouteloua,gracilis
8,6,2018,159,21,SE,LITT,100,litter,LITT,litter,litter,NA
8,6,2018,159,22,SE,SoEl,10,Solanum elaegnaifolium,Forb,Solanaceae,Solanum,elaegnaifolium
8,6,2018,159,22,SE,BoGr,23,Bouteloua gracilis,Grass,Poaceae,Bouteloua,gracilis
8,6,2018,159,22,SE,LITT,95,litter,LITT,litter,litter,NA
8,6,2018,159,23,NW,ChIn,1,Chinopodium incanum,Forb,Chenopodiaceae,Chinopodium,incanum
8,6,2018,159,23,NW,LaCo,3,Laennecia coulteri,Forb,Asteraceae,Laennecia,coulteri
8,6,2018,159,23,NW,SoEl,5,Solanum elaegnaifolium,Forb,Solanaceae,Solanum,elaegnaifolium
8,6,2018,159,23,NW,BARE,11,bareground,BARE,bareground,bareground,NA
8,6,2018,159,23,NW,BoGr,24,Bouteloua gracilis,Grass,Poaceae,Bouteloua,gracilis
8,6,2018,159,23,NW,LITT,85,litter,LITT,litter,litter,NA
8,6,2018,159,24,SE,SoEl,3,Solanum elaegnaifolium,Forb,Solanaceae,Solanum,elaegnaifolium
8,6,2018,159,24,SE,BARE,5,bareground,BARE,bareground,bareground,NA
8,6,2018,159,24,SE,BoGr,68,Bouteloua gracilis,Grass,Poaceae,Bouteloua,gracilis
8,6,2018,159,24,SE,LITT,82,litter,LITT,litter,litter,NA
8,6,2018,159,25,SW,SoEl,1,Solanum elaegnaifolium,Forb,Solanaceae,Solanum,elaegnaifolium
8,6,2018,159,25,SW,ChIn,2,Chinopodium incanum,Forb,Chenopodiaceae,Chinopodium,incanum
8,6,2018,159,25,SW,LaCo,4,Laennecia coulteri,Forb,Asteraceae,Laennecia,coulteri
8,6,2018,159,25,SW,PrGl,13,Prosopis glandulosa,Shrub/tree,Fabaceae,Prosopis,glandulosa
8,6,2018,159,25,SW,LITT,30,litter,LITT,litter,litter,NA
8,6,2018,159,25,SW,BARE,70,bareground,BARE,bareground,bareground,NA
8,6,2018,159,26,NE,BARE,1,bareground,BARE,bareground,bareground,NA
8,6,2018,159,26,NE,ChIn,1,Chinopodium incanum,Forb,Chenopodiaceae,Chinopodium,incanum
8,6,2018,159,26,NE,SoEl,4,Solanum elaegnaifolium,Forb,Solanaceae,Solanum,elaegnaifolium
8,6,2018,159,26,NE,LaCo,6,Laennecia coulteri,Forb,Asteraceae,Laennecia,coulteri
8,6,2018,159,26,NE,BoGr,22,Bouteloua gracilis,Grass,Poaceae,Bouteloua,gracilis
8,6,2018,159,26,NE,LITT,100,litter,LITT,litter,litter,NA
8,6,2018,159,27,SW,SoEl,3,Solanum elaegnaifolium,Forb,Solanaceae,Solanum,elaegnaifolium
8,6,2018,159,27,SW,ChIn,4,Chinopodium incanum,Forb,Chenopodiaceae,Chinopodium,incanum
8,6,2018,159,27,SW,BARE,5,bareground,BARE,bareground,bareground,NA
8,6,2018,159,27,SW,BoGr,15,Bouteloua gracilis,Grass,Poaceae,Bouteloua,gracilis
8,6,2018,159,27,SW,LITT,95,litter,LITT,litter,litter,NA
8,6,2018,159,28,SW,SoEl,1,Solanum elaegnaifolium,Forb,Solanaceae,Solanum,elaegnaifolium
8,6,2018,159,28,SW,ChIn,7,Chinopodium incanum,Forb,Chenopodiaceae,Chinopodium,incanum
8,6,2018,159,28,SW,LaCo,7,Laennecia coulteri,Forb,Asteraceae,Laennecia,coulteri
8,6,2018,159,28,SW,BARE,50,bareground,BARE,bareground,bareground,NA
8,6,2018,159,28,SW,LITT,50,litter,LITT,litter,litter,NA
8,6,2018,159,29,NE,SoEl,2,Solanum elaegnaifolium,Forb,Solanaceae,Solanum,elaegnaifolium
8,6,2018,159,29,NE,BARE,3,bareground,BARE,bareground,bareground,NA
8,6,2018,159,29,NE,BoGr,52,Bouteloua gracilis,Grass,Poaceae,Bouteloua,gracilis
8,6,2018,159,29,NE,LITT,85,litter,LITT,litter,litter,NA
8,6,2018,159,30,NW,BARE,1,bareground,BARE,bareground,bareground,NA
8,6,2018,159,30,NW,ChIn,1,Chinopodium incanum,Forb,Chenopodiaceae,Chinopodium,incanum
8,6,2018,159,30,NW,SoEl,5,Solanum elaegnaifolium,Forb,Solanaceae,Solanum,elaegnaifolium
8,6,2018,159,30,NW,LaCo,28,Laennecia coulteri,Forb,Asteraceae,Laennecia,coulteri
8,6,2018,159,30,NW,LITT,96,litter,LITT,litter,litter,NA
8,6,2018,159,31,NE,LaCo,1,Laennecia coulteri,Forb,Asteraceae,Laennecia,coulteri
8,6,2018,159,31,NE,SoEl,2,Solanum elaegnaifolium,Forb,Solanaceae,Solanum,elaegnaifolium
8,6,2018,159,31,NE,BoGr,3,Bouteloua gracilis,Grass,Poaceae,Bouteloua,gracilis
8,6,2018,159,31,NE,ChIn,4,Chinopodium incanum,Forb,Chenopodiaceae,Chinopodium,incanum
8,6,2018,159,31,NE,BARE,10,bareground,BARE,bareground,bareground,NA
8,6,2018,159,31,NE,LITT,78,litter,LITT,litter,litter,NA
8,6,2018,159,32,SE,ChIn,1,Chinopodium incanum,Forb,Chenopodiaceae,Chinopodium,incanum
8,6,2018,159,32,SE,PoMu,1,Portulaca mundula,Forb,Portulacaceaea,Portulaca,mundula
8,6,2018,159,32,SE,SoEl,1,Solanum elaegnaifolium,Forb,Solanaceae,Solanum,elaegnaifolium
8,6,2018,159,32,SE,BARE,20,bareground,BARE,bareground,bareground,NA
8,6,2018,159,32,SE,BoGr,35,Bouteloua gracilis,Grass,Poaceae,Bouteloua,gracilis
8,6,2018,159,32,SE,LITT,80,litter,LITT,litter,litter,NA
8,6,2018,159,33,NE,LaCo,2,Laennecia coulteri,Forb,Asteraceae,Laennecia,coulteri
8,6,2018,159,33,NE,ChIn,3,Chinopodium incanum,Forb,Chenopodiaceae,Chinopodium,incanum
8,6,2018,159,33,NE,BoGr,22,Bouteloua gracilis,Grass,Poaceae,Bouteloua,gracilis
8,6,2018,159,33,NE,LITT,100,litter,LITT,litter,litter,NA
8,6,2018,159,34,NW,ChIn,1,Chinopodium incanum,Forb,Chenopodiaceae,Chinopodium,incanum
8,6,2018,159,34,NW,BARE,2,bareground,BARE,bareground,bareground,NA
8,6,2018,159,34,NW,SoEl,5,Solanum elaegnaifolium,Forb,Solanaceae,Solanum,elaegnaifolium
8,6,2018,159,34,NW,BoGr,20,Bouteloua gracilis,Grass,Poaceae,Bouteloua,gracilis
8,6,2018,159,34,NW,LITT,95,litter,LITT,litter,litter,NA
8,6,2018,159,35,SW,SoEl,1,Solanum elaegnaifolium,Forb,Solanaceae,Solanum,elaegnaifolium
8,6,2018,159,35,SW,BARE,20,bareground,BARE,bareground,bareground,NA
8,6,2018,159,35,SW,BoGr,45,Bouteloua gracilis,Grass,Poaceae,Bouteloua,gracilis
8,6,2018,159,35,SW,LITT,50,litter,LITT,litter,litter,NA
8,6,2018,159,36,SW,BARE,2,bareground,BARE,bareground,bareground,NA
8,6,2018,159,36,SW,SoEl,2,Solanum elaegnaifolium,Forb,Solanaceae,Solanum,elaegnaifolium
8,6,2018,159,36,SW,BoGr,50,Bouteloua gracilis,Grass,Poaceae,Bouteloua,gracilis
8,6,2018,159,36,SW,LITT,98,litter,LITT,litter,litter,NA
8,6,2018,159,37,SW,BARE,1,bareground,BARE,bareground,bareground,NA
8,6,2018,159,37,SW,ChIn,3,Chinopodium incanum,Forb,Chenopodiaceae,Chinopodium,incanum
8,6,2018,159,37,SW,SoEl,12,Solanum elaegnaifolium,Forb,Solanaceae,Solanum,elaegnaifolium
8,6,2018,159,37,SW,BoGr,34,Bouteloua gracilis,Grass,Poaceae,Bouteloua,gracilis
8,6,2018,159,37,SW,LITT,99,litter,LITT,litter,litter,NA
8,6,2018,159,38,NW,BoGr,5,Bouteloua gracilis,Grass,Poaceae,Bouteloua,gracilis
8,6,2018,159,38,NW,ChIn,5,Chinopodium incanum,Forb,Chenopodiaceae,Chinopodium,incanum
8,6,2018,159,38,NW,SoEl,5,Solanum elaegnaifolium,Forb,Solanaceae,Solanum,elaegnaifolium
8,6,2018,159,38,NW,BARE,7,bareground,BARE,bareground,bareground,NA
8,6,2018,159,38,NW,LITT,83,litter,LITT,litter,litter,NA
8,6,2018,159,39,NE,ChIn,1,Chinopodium incanum,Forb,Chenopodiaceae,Chinopodium,incanum
8,6,2018,159,39,NE,BARE,2,bareground,BARE,bareground,bareground,NA
8,6,2018,159,39,NE,SoEl,2,Solanum elaegnaifolium,Forb,Solanaceae,Solanum,elaegnaifolium
8,6,2018,159,39,NE,BoGr,31,Bouteloua gracilis,Grass,Poaceae,Bouteloua,gracilis
8,6,2018,159,39,NE,LITT,98,litter,LITT,litter,litter,NA
8,6,2018,159,40,SE,PrGl,2,Prosopis glandulosa,Shrub/tree,Fabaceae,Prosopis,glandulosa
8,6,2018,159,40,SE,SoEl,3,Solanum elaegnaifolium,Forb,Solanaceae,Solanum,elaegnaifolium
8,6,2018,159,40,SE,ChIn,4,Chinopodium incanum,Forb,Chenopodiaceae,Chinopodium,incanum
8,6,2018,159,40,SE,BARE,7,bareground,BARE,bareground,bareground,NA
8,6,2018,159,40,SE,BoGr,15,Bouteloua gracilis,Grass,Poaceae,Bouteloua,gracilis
8,6,2018,159,40,SE,LITT,82,litter,LITT,litter,litter,NA
8,6,2018,159,41,SE,SoEl,2,Solanum elaegnaifolium,Forb,Solanaceae,Solanum,elaegnaifolium
8,6,2018,159,41,SE,BARE,5,bareground,BARE,bareground,bareground,NA
8,6,2018,159,41,SE,RaCo,6,Ratibida columnifera,Forb,Asteraceae,Ratibida,columnifera
8,6,2018,159,41,SE,LaCo,7,Laennecia coulteri,Forb,Asteraceae,Laennecia,coulteri
8,6,2018,159,41,SE,ChIn,10,Chinopodium incanum,Forb,Chenopodiaceae,Chinopodium,incanum
8,6,2018,159,41,SE,LITT,95,litter,LITT,litter,litter,NA
8,6,2018,159,42,SE,BARE,2,bareground,BARE,bareground,bareground,NA
8,6,2018,159,42,SE,SoEl,4,Solanum elaegnaifolium,Forb,Solanaceae,Solanum,elaegnaifolium
8,6,2018,159,42,SE,BoGr,62,Bouteloua gracilis,Grass,Poaceae,Bouteloua,gracilis
8,6,2018,159,42,SE,LITT,95,litter,LITT,litter,litter,NA
22,9,2018,265,1,NE,SoEl,3,Solanum elaegnaifolium,Forb,Solanaceae,Solanum,elaegnaifolium
22,9,2018,265,1,NE,LITT,10,litter,LITT,litter,litter,NA
22,9,2018,265,1,NE,BARE,12,bareground,BARE,bareground,bareground,NA
22,9,2018,265,1,NE,BoGr,70,Bouteloua gracilis,Grass,Poaceae,Bouteloua,gracilis
22,9,2018,265,2,NE,PaOb,2,Panicum obtusum,Grass,Poaceae,Panicum,obtusum
22,9,2018,265,2,NE,BoGr,15,Bouteloua gracilis,Grass,Poaceae,Bouteloua,gracilis
22,9,2018,265,2,NE,LITT,20,litter,LITT,litter,litter,NA
22,9,2018,265,2,NE,BARE,30,bareground,BARE,bareground,bareground,NA
22,9,2018,265,2,NE,SoEl,45,Solanum elaegnaifolium,Forb,Solanaceae,Solanum,elaegnaifolium
22,9,2018,265,3,NW,PrGl,1,Prosopis glandulosa,Shrub/tree,Fabaceae,Prosopis,glandulosa
22,9,2018,265,3,NW,SoEl,10,Solanum elaegnaifolium,Forb,Solanaceae,Solanum,elaegnaifolium
22,9,2018,265,3,NW,LITT,15,litter,LITT,litter,litter,NA
22,9,2018,265,3,NW,BARE,22,bareground,BARE,bareground,bareground,NA
22,9,2018,265,3,NW,BoGr,75,Bouteloua gracilis,Grass,Poaceae,Bouteloua,gracilis
22,9,2018,265,4,NW,SoEl,10,Solanum elaegnaifolium,Forb,Solanaceae,Solanum,elaegnaifolium
22,9,2018,265,4,NW,BARE,20,bareground,BARE,bareground,bareground,NA
22,9,2018,265,4,NW,LITT,45,litter,LITT,litter,litter,NA
22,9,2018,265,4,NW,BoGr,60,Bouteloua gracilis,Grass,Poaceae,Bouteloua,gracilis
22,9,2018,265,5,NW,BARE,10,bareground,BARE,bareground,bareground,NA
22,9,2018,265,5,NW,BoGr,15,Bouteloua gracilis,Grass,Poaceae,Bouteloua,gracilis
22,9,2018,265,5,NW,SoEl,25,Solanum elaegnaifolium,Forb,Solanaceae,Solanum,elaegnaifolium
22,9,2018,265,5,NW,LITT,27,litter,LITT,litter,litter,NA
22,9,2018,265,6,SE,LaCo,12,Laennecia coulteri,Forb,Asteraceae,Laennecia,coulteri
22,9,2018,265,6,SE,SoEl,23,Solanum elaegnaifolium,Forb,Solanaceae,Solanum,elaegnaifolium
22,9,2018,265,6,SE,LITT,77,litter,LITT,litter,litter,NA
22,9,2018,265,7,NE,BARE,5,bareground,BARE,bareground,bareground,NA
22,9,2018,265,7,NE,SoEl,25,Solanum elaegnaifolium,Forb,Solanaceae,Solanum,elaegnaifolium
22,9,2018,265,7,NE,LITT,80,litter,LITT,litter,litter,NA
22,9,2018,265,8,NW,SoEl,10,Solanum elaegnaifolium,Forb,Solanaceae,Solanum,elaegnaifolium
22,9,2018,265,8,NW,LITT,17,litter,LITT,litter,litter,NA
22,9,2018,265,8,NW,BoGr,80,Bouteloua gracilis,Grass,Poaceae,Bouteloua,gracilis
22,9,2018,265,9,SW,LITT,6,litter,LITT,litter,litter,NA
22,9,2018,265,9,SW,SoEl,8,Solanum elaegnaifolium,Forb,Solanaceae,Solanum,elaegnaifolium
22,9,2018,265,9,SW,BARE,17,bareground,BARE,bareground,bareground,NA
22,9,2018,265,9,SW,BoGr,26,Bouteloua gracilis,Grass,Poaceae,Bouteloua,gracilis
22,9,2018,265,10,SW,SoEl,12,Solanum elaegnaifolium,Forb,Solanaceae,Solanum,elaegnaifolium
22,9,2018,265,10,SW,BARE,20,bareground,BARE,bareground,bareground,NA
22,9,2018,265,10,SW,BoGr,20,Bouteloua gracilis,Grass,Poaceae,Bouteloua,gracilis
22,9,2018,265,10,SW,LITT,67,litter,LITT,litter,litter,NA
22,9,2018,265,11,NE,AmPS,1,Ambrosia psilostachya,Forb,Asteraceae,Ambrosia,psilostachya
22,9,2018,265,11,NE,BARE,4,bareground,BARE,bareground,bareground,NA
22,9,2018,265,11,NE,SoEl,7,Solanum elaegnaifolium,Forb,Solanaceae,Solanum,elaegnaifolium
22,9,2018,265,11,NE,BoGr,27,Bouteloua gracilis,Grass,Poaceae,Bouteloua,gracilis
22,9,2018,265,11,NE,LITT,55,litter,LITT,litter,litter,NA
22,9,2018,265,12,SW,ChLa,2,Chamaesyce lata,Forb,Euphorbiaceae,Chamaesyce,lata
22,9,2018,265,12,SW,SaTr,2,Salsola tragus,Forb,Chenopodiaceae,Salsola,tragus
22,9,2018,265,12,SW,SoEl,2,Solanum elaegnaifolium,Forb,Solanaceae,Solanum,elaegnaifolium
22,9,2018,265,12,SW,ArHu,6,Argythamnia humilis,Forb,Euphorbiaceae,Argythamnia,humilis
22,9,2018,265,12,SW,BARE,6,bareground,BARE,bareground,bareground,NA
22,9,2018,265,12,SW,BoGr,32,Bouteloua gracilis,Grass,Poaceae,Bouteloua,gracilis
22,9,2018,265,12,SW,LITT,52,litter,LITT,litter,litter,NA
22,9,2018,265,13,NW,SoEl,4,Solanum elaegnaifolium,Forb,Solanaceae,Solanum,elaegnaifolium
22,9,2018,265,13,NW,BoGr,70,Bouteloua gracilis,Grass,Poaceae,Bouteloua,gracilis
22,9,2018,265,13,NW,LITT,80,litter,LITT,litter,litter,NA
22,9,2018,265,14,NE,BARE,5,bareground,BARE,bareground,bareground,NA
22,9,2018,265,14,NE,SoEl,5,Solanum elaegnaifolium,Forb,Solanaceae,Solanum,elaegnaifolium
22,9,2018,265,14,NE,ArHu,6,Argythamnia humilis,Forb,Euphorbiaceae,Argythamnia,humilis
22,9,2018,265,14,NE,BoGr,50,Bouteloua gracilis,Grass,Poaceae,Bouteloua,gracilis
22,9,2018,265,14,NE,LITT,70,litter,LITT,litter,litter,NA
22,9,2018,265,15,NW,BARE,3,bareground,BARE,bareground,bareground,NA
22,9,2018,265,15,NW,LITT,50,litter,LITT,litter,litter,NA
22,9,2018,265,15,NW,BoGr,85,Bouteloua gracilis,Grass,Poaceae,Bouteloua,gracilis
22,9,2018,265,16,SW,BARE,3,bareground,BARE,bareground,bareground,NA
22,9,2018,265,16,SW,LITT,50,litter,LITT,litter,litter,NA
22,9,2018,265,16,SW,BoGr,45,Bouteloua gracilis,Grass,Poaceae,Bouteloua,gracilis
22,9,2018,265,17,NW,LITT,1,litter,LITT,litter,litter,NA
22,9,2018,265,17,NW,PrGl,1,Prosopis glandulosa,Shrub/tree,Fabaceae,Prosopis,glandulosa
22,9,2018,265,17,NW,SoEl,3,Solanum elaegnaifolium,Forb,Solanaceae,Solanum,elaegnaifolium
22,9,2018,265,17,NW,BARE,40,bareground,BARE,bareground,bareground,NA
22,9,2018,265,17,NW,BoGr,40,Bouteloua gracilis,Grass,Poaceae,Bouteloua,gracilis
22,9,2018,265,18,NW,BARE,2,bareground,BARE,bareground,bareground,NA
22,9,2018,265,18,NW,BoGr,20,Bouteloua gracilis,Grass,Poaceae,Bouteloua,gracilis
22,9,2018,265,18,NW,LITT,80,litter,LITT,litter,litter,NA
22,9,2018,265,19,NE,SoEl,1,Solanum elaegnaifolium,Forb,Solanaceae,Solanum,elaegnaifolium
22,9,2018,265,19,NE,ChIn,6,Chinopodium incanum,Forb,Chenopodiaceae,Chinopodium,incanum
22,9,2018,265,19,NE,RaCo,8,Ratibida columnifera,Forb,Asteraceae,Ratibida,columnifera
22,9,2018,265,19,NE,BARE,10,bareground,BARE,bareground,bareground,NA
22,9,2018,265,19,NE,BoGr,22,Bouteloua gracilis,Grass,Poaceae,Bouteloua,gracilis
22,9,2018,265,19,NE,LITT,50,litter,LITT,litter,litter,NA
22,9,2018,265,20,SW,BARE,2,bareground,BARE,bareground,bareground,NA
22,9,2018,265,20,SW,SoEl,2,Solanum elaegnaifolium,Forb,Solanaceae,Solanum,elaegnaifolium
22,9,2018,265,20,SW,BoGr,50,Bouteloua gracilis,Grass,Poaceae,Bouteloua,gracilis
22,9,2018,265,20,SW,LITT,50,litter,LITT,litter,litter,NA
22,9,2018,265,21,SE,BARE,2,bareground,BARE,bareground,bareground,NA
22,9,2018,265,21,SE,SoEl,3,Solanum elaegnaifolium,Forb,Solanaceae,Solanum,elaegnaifolium
22,9,2018,265,21,SE,LITT,15,litter,LITT,litter,litter,NA
22,9,2018,265,21,SE,BoGr,70,Bouteloua gracilis,Grass,Poaceae,Bouteloua,gracilis
22,9,2018,265,22,SE,SoEl,17,Solanum elaegnaifolium,Forb,Solanaceae,Solanum,elaegnaifolium
22,9,2018,265,22,SE,LITT,50,litter,LITT,litter,litter,NA
22,9,2018,265,22,SE,BoGr,68,Bouteloua gracilis,Grass,Poaceae,Bouteloua,gracilis
22,9,2018,265,23,NW,BARE,15,bareground,BARE,bareground,bareground,NA
22,9,2018,265,23,NW,SoEl,15,Solanum elaegnaifolium,Forb,Solanaceae,Solanum,elaegnaifolium
22,9,2018,265,23,NW,BoGr,30,Bouteloua gracilis,Grass,Poaceae,Bouteloua,gracilis
22,9,2018,265,23,NW,LITT,32,litter,LITT,litter,litter,NA
22,9,2018,265,24,SE,SoEl,6,Solanum elaegnaifolium,Forb,Solanaceae,Solanum,elaegnaifolium
22,9,2018,265,24,SE,LITT,50,litter,LITT,litter,litter,NA
22,9,2018,265,24,SE,BoGr,70,Bouteloua gracilis,Grass,Poaceae,Bouteloua,gracilis
22,9,2018,265,25,SW,BARE,5,bareground,BARE,bareground,bareground,NA
22,9,2018,265,25,SW,BoGr,50,Bouteloua gracilis,Grass,Poaceae,Bouteloua,gracilis
22,9,2018,265,25,SW,LITT,60,litter,LITT,litter,litter,NA
22,9,2018,265,26,NE,BARE,2,bareground,BARE,bareground,bareground,NA
22,9,2018,265,26,NE,SaTr,10,Salsola tragus,Forb,Chenopodiaceae,Salsola,tragus
22,9,2018,265,26,NE,SoEl,17,Solanum elaegnaifolium,Forb,Solanaceae,Solanum,elaegnaifolium
22,9,2018,265,26,NE,BoGr,20,Bouteloua gracilis,Grass,Poaceae,Bouteloua,gracilis
22,9,2018,265,26,NE,LITT,45,litter,LITT,litter,litter,NA
22,9,2018,265,27,SW,BARE,3,bareground,BARE,bareground,bareground,NA
22,9,2018,265,27,SW,SoEl,3,Solanum elaegnaifolium,Forb,Solanaceae,Solanum,elaegnaifolium
22,9,2018,265,27,SW,ZiGr,25,Zinnia grandiflora,Forb,Asteraceae,Zinnia,grandiflora
22,9,2018,265,27,SW,LITT,40,litter,LITT,litter,litter,NA
22,9,2018,265,27,SW,BoGr,55,Bouteloua gracilis,Grass,Poaceae,Bouteloua,gracilis
22,9,2018,265,28,SW,LaCo,10,Laennecia coulteri,Forb,Asteraceae,Laennecia,coulteri
22,9,2018,265,28,SW,RaCo,10,Ratibida columnifera,Forb,Asteraceae,Ratibida,columnifera
22,9,2018,265,28,SW,BARE,15,bareground,BARE,bareground,bareground,NA
22,9,2018,265,28,SW,LITT,90,litter,LITT,litter,litter,NA
22,9,2018,265,29,NE,BARE,2,bareground,BARE,bareground,bareground,NA
22,9,2018,265,29,NE,SoEl,2,Solanum elaegnaifolium,Forb,Solanaceae,Solanum,elaegnaifolium
22,9,2018,265,29,NE,LITT,31,litter,LITT,litter,litter,NA
22,9,2018,265,29,NE,BoGr,84,Bouteloua gracilis,Grass,Poaceae,Bouteloua,gracilis
22,9,2018,265,30,NW,LaCo,2,Laennecia coulteri,Forb,Asteraceae,Laennecia,coulteri
22,9,2018,265,30,NW,BARE,6,bareground,BARE,bareground,bareground,NA
22,9,2018,265,30,NW,ChLa,9,Chamaesyce lata,Forb,Euphorbiaceae,Chamaesyce,lata
22,9,2018,265,30,NW,SoEl,12,Solanum elaegnaifolium,Forb,Solanaceae,Solanum,elaegnaifolium
22,9,2018,265,30,NW,LITT,92,litter,LITT,litter,litter,NA
22,9,2018,265,31,NE,LaCo,1,Laennecia coulteri,Forb,Asteraceae,Laennecia,coulteri
22,9,2018,265,31,NE,ChLa,3,Chamaesyce lata,Forb,Euphorbiaceae,Chamaesyce,lata
22,9,2018,265,31,NE,BoGr,5,Bouteloua gracilis,Grass,Poaceae,Bouteloua,gracilis
22,9,2018,265,31,NE,BARE,7,bareground,BARE,bareground,bareground,NA
22,9,2018,265,31,NE,SaTr,7,Salsola tragus,Forb,Chenopodiaceae,Salsola,tragus
22,9,2018,265,31,NE,RaCo,10,Ratibida columnifera,Forb,Asteraceae,Ratibida,columnifera
22,9,2018,265,31,NE,LITT,98,litter,LITT,litter,litter,NA
22,9,2018,265,32,SE,BARE,8,bareground,BARE,bareground,bareground,NA
22,9,2018,265,32,SE,LITT,12,litter,LITT,litter,litter,NA
22,9,2018,265,32,SE,BoGr,80,Bouteloua gracilis,Grass,Poaceae,Bouteloua,gracilis
22,9,2018,265,33,NE,AmPS,1,Ambrosia psilostachya,Forb,Asteraceae,Ambrosia,psilostachya
22,9,2018,265,33,NE,RaCo,3,Ratibida columnifera,Forb,Asteraceae,Ratibida,columnifera
22,9,2018,265,33,NE,BoGr,7,Bouteloua gracilis,Grass,Poaceae,Bouteloua,gracilis
22,9,2018,265,33,NE,BARE,12,bareground,BARE,bareground,bareground,NA
22,9,2018,265,33,NE,SaTr,18,Salsola tragus,Forb,Chenopodiaceae,Salsola,tragus
22,9,2018,265,33,NE,LITT,65,litter,LITT,litter,litter,NA
22,9,2018,265,34,NW,SoEl,1,Solanum elaegnaifolium,Forb,Solanaceae,Solanum,elaegnaifolium
22,9,2018,265,34,NW,BoGr,50,Bouteloua gracilis,Grass,Poaceae,Bouteloua,gracilis
22,9,2018,265,34,NW,LITT,67,litter,LITT,litter,litter,NA
22,9,2018,265,35,SW,PoMu,2,Portulaca mundula,Forb,Portulacaceaea,Portulaca,mundula
22,9,2018,265,35,SW,SoEl,2,Solanum elaegnaifolium,Forb,Solanaceae,Solanum,elaegnaifolium
22,9,2018,265,35,SW,BARE,27,bareground,BARE,bareground,bareground,NA
22,9,2018,265,35,SW,LITT,38,litter,LITT,litter,litter,NA
22,9,2018,265,35,SW,BoGr,55,Bouteloua gracilis,Grass,Poaceae,Bouteloua,gracilis
22,9,2018,265,36,SW,SoEl,1,Solanum elaegnaifolium,Forb,Solanaceae,Solanum,elaegnaifolium
22,9,2018,265,36,SW,LITT,30,litter,LITT,litter,litter,NA
22,9,2018,265,36,SW,BoGr,75,Bouteloua gracilis,Grass,Poaceae,Bouteloua,gracilis
22,9,2018,265,37,SW,BARE,2,bareground,BARE,bareground,bareground,NA
22,9,2018,265,37,SW,SoEl,7,Solanum elaegnaifolium,Forb,Solanaceae,Solanum,elaegnaifolium
22,9,2018,265,37,SW,BoGr,30,Bouteloua gracilis,Grass,Poaceae,Bouteloua,gracilis
22,9,2018,265,37,SW,LITT,85,litter,LITT,litter,litter,NA
22,9,2018,265,38,NW,AmPS,2,Ambrosia psilostachya,Forb,Asteraceae,Ambrosia,psilostachya
22,9,2018,265,38,NW,BoGr,3,Bouteloua gracilis,Grass,Poaceae,Bouteloua,gracilis
22,9,2018,265,38,NW,SoEl,4,Solanum elaegnaifolium,Forb,Solanaceae,Solanum,elaegnaifolium
22,9,2018,265,38,NW,RaCo,5,Ratibida columnifera,Forb,Asteraceae,Ratibida,columnifera
22,9,2018,265,38,NW,BARE,6,bareground,BARE,bareground,bareground,NA
22,9,2018,265,38,NW,ChLa,8,Chamaesyce lata,Forb,Euphorbiaceae,Chamaesyce,lata
22,9,2018,265,38,NW,LITT,95,litter,LITT,litter,litter,NA
22,9,2018,265,39,NE,AmPS,1,Ambrosia psilostachya,Forb,Asteraceae,Ambrosia,psilostachya
22,9,2018,265,39,NE,BARE,1,bareground,BARE,bareground,bareground,NA
22,9,2018,265,39,NE,LITT,17,litter,LITT,litter,litter,NA
22,9,2018,265,39,NE,BoGr,79,Bouteloua gracilis,Grass,Poaceae,Bouteloua,gracilis
22,9,2018,265,40,SE,SoEl,2,Solanum elaegnaifolium,Forb,Solanaceae,Solanum,elaegnaifolium
22,9,2018,265,40,SE,YuGl,2,Yucca glauca,Shrub/tree,Agavaceae,Yucca,glauca
22,9,2018,265,40,SE,LaCo,5,Laennecia coulteri,Forb,Asteraceae,Laennecia,coulteri
22,9,2018,265,40,SE,BARE,15,bareground,BARE,bareground,bareground,NA
22,9,2018,265,40,SE,BoGr,26,Bouteloua gracilis,Grass,Poaceae,Bouteloua,gracilis
22,9,2018,265,40,SE,LITT,52,litter,LITT,litter,litter,NA
22,9,2018,265,41,SE,LaCo,2,Laennecia coulteri,Forb,Asteraceae,Laennecia,coulteri
22,9,2018,265,41,SE,BoGr,4,Bouteloua gracilis,Grass,Poaceae,Bouteloua,gracilis
22,9,2018,265,41,SE,SoEl,4,Solanum elaegnaifolium,Forb,Solanaceae,Solanum,elaegnaifolium
22,9,2018,265,41,SE,RaCo,6,Ratibida columnifera,Forb,Asteraceae,Ratibida,columnifera
22,9,2018,265,41,SE,BARE,8,bareground,BARE,bareground,bareground,NA
22,9,2018,265,41,SE,SaTr,25,Salsola tragus,Forb,Chenopodiaceae,Salsola,tragus
22,9,2018,265,41,SE,LITT,72,litter,LITT,litter,litter,NA
22,9,2018,265,42,SE,BARE,1,bareground,BARE,bareground,bareground,NA
22,9,2018,265,42,SE,SoEl,5,Solanum elaegnaifolium,Forb,Solanaceae,Solanum,elaegnaifolium
22,9,2018,265,42,SE,LITT,26,litter,LITT,litter,litter,NA
22,9,2018,265,42,SE,BoGr,90,Bouteloua gracilis,Grass,Poaceae,Bouteloua,gracilis
6,10,2019,279,2,NE,LaCo,50,,,,,
6,10,2019,279,2,NE,BoGr,7.5,,,,,
6,10,2019,279,2,NE,BARE,20,,,,,
6,10,2019,279,2,NE,LITT,80,,,,,
6,10,2019,279,2,NE,DePi,9,,,,,
6,10,2019,279,3,NW,LaCo,50,,,,,
6,10,2019,279,3,NW,BoGr,22,,,,,
6,10,2019,279,3,NW,DePi,6.5,,,,,
6,10,2019,279,3,NW,SaTr,5,,,,,
6,10,2019,279,3,NW,BARE,5,,,,,
6,10,2019,279,3,NW,LITT,68.5,,,,,
6,10,2019,279,3,NW,SoEl,4,,,,,
6,10,2019,279,3,NW,ChIn,1,,,,,
6,10,2019,279,4,NW,LaCo,40,,,,,
6,10,2019,279,4,NW,BoGr,37.5,,,,,
6,10,2019,279,4,NW,DePi,15,,,,,
6,10,2019,279,4,NW,LITT,70,,,,,
6,10,2019,279,4,NW,BARE,7.5,,,,,
6,10,2019,279,5,NW,LaCo,30,,,,,
6,10,2019,279,5,NW,DePi,9,,,,,
6,10,2019,279,5,NW,SoEl,6.5,,,,,
6,10,2019,279,5,NW,BARE,30,,,,,
6,10,2019,279,5,NW,LITT,67.5,,,,,
6,10,2019,279,5,NW,SaTr,1.5,,,,,
6,10,2019,279,5,NW,BoGr,5,,,,,
6,10,2019,279,14,NE,LaCo,80,,,,,
6,10,2019,279,14,NE,DePi,20,,,,,
6,10,2019,279,14,NE,BoGr,15,,,,,
6,10,2019,279,14,NE,SoEl,2,,,,,
6,10,2019,279,14,NE,LITT,82.5,,,,,
6,10,2019,279,13,NW,LaCo,47.5,,,,,
6,10,2019,279,13,NW,GuSa,17.5,,,,,
6,10,2019,279,13,NW,DePi,5,,,,,
6,10,2019,279,13,NW,BoGr,22.5,,,,,
6,10,2019,279,13,NW,SoEl,2,,,,,
6,10,2019,279,13,NW,LITT,85,,,,,
6,10,2019,279,13,NW,BARE,6.5,,,,,
6,10,2019,279,12,SW,LaCo,35,,,,,
6,10,2019,279,12,SW,ChIn,3.5,,,,,
6,10,2019,279,12,SW,GlPu,1,,,,,
6,10,2019,279,12,SW,TrTe,1.5,,,,,
6,10,2019,279,12,SW,DePi,15,,,,,
6,10,2019,279,12,SW,BoGr,8.5,,,,,
6,10,2019,279,12,SW,BARE,5,,,,,
6,10,2019,279,12,SW,LITT,85,,,,,
6,10,2019,279,12,SW,SaTr,5.5,,,,,
6,10,2019,279,12,SW,PrGl,2,,,,,
6,10,2019,279,11,NE,LaCo,27.5,,,,,
6,10,2019,279,11,NE,BoGr,13.5,,,,,
6,10,2019,279,11,NE,SoEl,4.5,,,,,
6,10,2019,279,11,NE,DePi,6.5,,,,,
6,10,2019,279,11,NE,SaTr,4.5,,,,,
6,10,2019,279,11,NE,LITT,75,,,,,
6,10,2019,279,11,NE,BARE,4,,,,,
6,10,2019,279,11,NE,GlPu,1,,,,,
6,10,2019,279,9,SW,LaCo,75,,,,,
6,10,2019,279,9,SW,SoEl,6.5,,,,,
6,10,2019,279,9,SW,PrGl,1,,,,,
6,10,2019,279,9,SW,BoGr,3.5,,,,,
6,10,2019,279,9,SW,DePi,3.5,,,,,
6,10,2019,279,9,SW,GuSa,5,,,,,
6,10,2019,279,9,SW,LITT,75,,,,,
6,10,2019,279,9,SW,BARE,10,,,,,
6,10,2019,279,8,NW,BoGr,70,,,,,
6,10,2019,279,8,NW,LaCo,61.5,,,,,
6,10,2019,279,8,NW,SoEl,4,,,,,
6,10,2019,279,8,NW,LITT,27.5,,,,,
6,10,2019,279,15,NW,LaCo,70,,,,,
6,10,2019,279,15,NW,BoGr,19,,,,,
6,10,2019,279,15,NW,DePi,10,,,,,
6,10,2019,279,15,NW,LITT,70,,,,,
6,10,2019,279,15,NW,BARE,0.5,,,,,
6,10,2019,279,15,NW,GlPu,1,,,,,
6,10,2019,279,16,SW,LaCo,60,,,,,
6,10,2019,279,16,SW,GuSa,4,,,,,
6,10,2019,279,16,SW,BoGr,60,,,,,
6,10,2019,279,16,SW,LITT,37.5,,,,,
6,10,2019,279,16,SW,BARE,4.5,,,,,
6,10,2019,279,16,SW,SoEl,1.5,,,,,
6,10,2019,279,16,SW,DePi,4.5,,,,,
6,10,2019,279,17,NW,LaCo,12.5,,,,,
6,10,2019,279,17,NW,SoEl,3,,,,,
6,10,2019,279,17,NW,GlPu,2.5,,,,,
6,10,2019,279,17,NW,BoGr,60,,,,,
6,10,2019,279,17,NW,DePi,10,,,,,
6,10,2019,279,17,NW,LITT,55,,,,,
6,10,2019,279,17,NW,BARE,11.5,,,,,
6,10,2019,279,18,NW,LaCo,62.5,,,,,
6,10,2019,279,18,NW,DePi,7.5,,,,,
6,10,2019,279,18,NW,LITT,87.5,,,,,
6,10,2019,279,18,NW,BARE,10,,,,,
6,10,2019,279,18,NW,BoGr,2.5,,,,,
6,10,2019,279,20,SW,BoGr,75,,,,,
6,10,2019,279,20,SW,LaCo,29,,,,,
6,10,2019,279,20,SW,GuSa,15,,,,,
6,10,2019,279,20,SW,LITT,42.5,,,,,
6,10,2019,279,20,SW,BARE,2,,,,,
6,10,2019,279,21,SE,SoEl,9,,,,,
6,10,2019,279,21,SE,LaCo,42.5,,,,,
6,10,2019,279,21,SE,DePi,45,,,,,
6,10,2019,279,21,SE,BoGr,62.5,,,,,
6,10,2019,279,21,SE,GlPu,1,,,,,
6,10,2019,279,21,SE,LITT,56,,,,,
6,10,2019,279,28,SW,LaCo,15,,,,,
6,10,2019,279,28,SW,SaTr,3.5,,,,,
6,10,2019,279,28,SW,GlPu,1,,,,,
6,10,2019,279,28,SW,GuSa,42.5,,,,,
6,10,2019,279,28,SW,DePi,27.5,,,,,
6,10,2019,279,28,SW,BARE,5.5,,,,,
6,10,2019,279,28,SW,PrGl,1,,,,,
6,10,2019,279,28,SW,LITT,90,,,,,
6,10,2019,279,27,SW,ZiGr,19,,,,,
6,10,2019,279,27,SW,LaCo,32.5,,,,,
6,10,2019,279,27,SW,GuSa,3.5,,,,,
6,10,2019,279,27,SW,LITT,77.5,,,,,
6,10,2019,279,27,SW,BoGr,2.5,,,,,
6,10,2019,279,27,SW,BARE,7.5,,,,,
6,10,2019,279,24,SE,LaCo,19.5,,,,,
6,10,2019,279,24,SE,BoGr,62.5,,,,,
6,10,2019,279,24,SE,SoEl,5.5,,,,,
6,10,2019,279,24,SE,LITT,42.5,,,,,
6,10,2019,279,24,SE,BARE,1.5,,,,,
6,10,2019,279,24,SE,DePi,5,,,,,
6,10,2019,279,23,NW,LaCo,25,,,,,
6,10,2019,279,23,NW,SoEl,5,,,,,
6,10,2019,279,23,NW,BoGr,27.5,,,,,
6,10,2019,279,23,NW,BARE,20.4,,,,,
6,10,2019,279,23,NW,LITT,35,,,,,
6,10,2019,279,23,NW,PrGl,1,,,,,
6,10,2019,279,29,NE,LaCo,55,,,,,
6,10,2019,279,29,NE,SoEl,2.5,,,,,
6,10,2019,279,29,NE,DePi,10,,,,,
6,10,2019,279,29,NE,LITT,95,,,,,
6,10,2019,279,29,NE,BoGr,3.5,,,,,
6,10,2019,279,30,NW,SaTr,27.5,,,,,
6,10,2019,279,30,NW,SoEl,17,,,,,
6,10,2019,279,30,NW,TrTe,1.5,,,,,
6,10,2019,279,30,NW,DePi,17.5,,,,,
6,10,2019,279,30,NW,LaCo,17.5,,,,,
6,10,2019,279,30,NW,LITT,62.5,,,,,
6,10,2019,279,30,NW,BARE,9,,,,,
6,10,2019,279,30,NW,GuSa,5,,,,,
6,10,2019,279,32,SE,LaCo,47.5,,,,,
6,10,2019,279,32,SE,BoGr,6.5,,,,,
6,10,2019,279,32,SE,SaTr,3,,,,,
6,10,2019,279,32,SE,DePi,2,,,,,
6,10,2019,279,32,SE,BARE,17.5,,,,,
6,10,2019,279,32,SE,LITT,75,,,,,
6,10,2019,279,33,NE,LaCo,67.5,,,,,
6,10,2019,279,33,NE,PrGl,1,,,,,
6,10,2019,279,33,NE,BoGr,25,,,,,
6,10,2019,279,33,NE,DePi,4,,,,,
6,10,2019,279,33,NE,LITT,88.5,,,,,
6,10,2019,279,33,NE,BARE,3,,,,,
6,10,2019,279,34,NE,LaCo,75,,,,,
6,10,2019,279,34,NE,BoGr,10,,,,,
6,10,2019,279,34,NE,BARE,17.5,,,,,
6,10,2019,279,34,NE,LITT,70,,,,,
6,10,2019,279,34,NE,GlPu,1,,,,,
6,10,2019,279,34,NE,GuSa,5,,,,,
6,10,2019,279,35,NW,ChIn,5.5,,,,,
6,10,2019,279,35,NW,GlPu,3,,,,,
6,10,2019,279,35,NW,LaCo,40,,,,,
6,10,2019,279,35,NW,BoGr,50,,,,,
6,10,2019,279,35,NW,LITT,34,,,,,
6,10,2019,279,35,NW,BARE,10,,,,,
6,10,2019,279,35,NW,GuSa,7.5,,,,,
6,10,2019,279,42,SE,LaCo,55,,,,,
6,10,2019,279,42,SE,BoGr,67.5,,,,,
6,10,2019,279,42,SE,GuSa,2,,,,,
6,10,2019,279,42,SE,BARE,6.5,,,,,
6,10,2019,279,42,SE,LITT,15,,,,,
6,10,2019,279,39,NE,LaCo,65,,,,,
6,10,2019,279,39,NE,BoGr,47.5,,,,,
6,10,2019,279,39,NE,DePi,5,,,,,
6,10,2019,279,39,NE,LITT,50,,,,,
6,10,2019,279,37,SW,LaCo,62.5,,,,,
6,10,2019,279,37,SW,SoEl,7.5,,,,,
6,10,2019,279,37,SW,BoGr,45,,,,,
6,10,2019,279,37,SW,LITT,42.5,,,,,
6,10,2019,279,37,SW,GlPu,1,,,,,
6,10,2019,279,37,SW,BARE,4.5,,,,,
6,10,2019,279,37,SW,GuSa,4,,,,,
6,10,2019,279,37,SW,DePi,1,,,,,
6,10,2019,279,36,SW,LaCo,72.5,,,,,
6,10,2019,279,36,SW,SaTr,2,,,,,
6,10,2019,279,36,SW,BARE,2,,,,,
6,10,2019,279,36,SW,LITT,91.5,,,,,
19,9,2020,263,23,NE,LITT,100,,,,,
19,9,2020,263,23,NE,SoEl,2,,,,,
19,9,2020,263,23,NE,LaCo,3,,,,,
19,9,2020,263,23,NE,ChIn,10,,,,,
19,9,2020,263,23,NE,GuSa,30,,,,,
19,9,2020,263,23,NE,PrGl,8,,,,,
19,9,2020,263,24,SE,LITT,20,,,,,
19,9,2020,263,24,SE,BARE,20,,,,,
19,9,2020,263,24,SE,DePi,3,,,,,
19,9,2020,263,27,SW,LITT,100,,,,,
19,9,2020,263,27,SW,DePi,15,,,,,
19,9,2020,263,28,SW,BARE,15,,,,,
19,9,2020,263,28,SW,LITT,90,,,,,
19,9,2020,263,28,SW,GuSa,10,,,,,
19,9,2020,263,28,SW,ChIn,10,,,,,
19,9,2020,263,21,SE,LITT,100,,,,,
19,9,2020,263,21,SE,GuSa,30,,,,,
19,9,2020,263,21,SE,SaTr,30,,,,,
19,9,2020,263,20,SW,BARE,15,,,,,
19,9,2020,263,20,SW,LITT,85,,,,,
19,9,2020,263,20,SW,GuSa,20,,,,,
19,9,2020,263,18,NW,LITT,95,,,,,
19,9,2020,263,18,NW,BARE,5,,,,,
19,9,2020,263,18,NW,ChIn,2,,,,,
19,9,2020,263,18,NW,GuSa,40,,,,,
19,9,2020,263,17,NW,LITT,75,,,,,
19,9,2020,263,17,NW,BARE,25,,,,,
19,9,2020,263,17,NW,SoEl,3,,,,,
19,9,2020,263,17,NW,DePi,10,,,,,
19,9,2020,263,17,NW,GuSa,5,,,,,
19,9,2020,263,17,NW,ChIn,8,,,,,
19,9,2020,263,16,SW,BARE,5,,,,,
19,9,2020,263,16,SW,LITT,95,,,,,
19,9,2020,263,16,SW,ChIn,20,,,,,
19,9,2020,263,16,SW,SaTr,50,,,,,
19,9,2020,263,15,NW,LITT,100,,,,,
19,9,2020,263,15,NW,SaTr,70,,,,,
19,9,2020,263,36,SW,BARE,5,,,,,
19,9,2020,263,36,SW,LITT,95,,,,,
19,9,2020,263,36,SW,SoEl,6,,,,,
19,9,2020,263,36,SW,SaTr,12,,,,,
19,9,2020,263,36,SW,ChIn,25,,,,,
19,9,2020,263,37,SW,BARE,5,,,,,
19,9,2020,263,37,SW,LITT,95,,,,,
19,9,2020,263,37,SW,DePi,25,,,,,
19,9,2020,263,37,SW,GuSa,20,,,,,
19,9,2020,263,39,NE,DePi,2,,,,,
19,9,2020,263,39,NE,SoEl,2,,,,,
19,9,2020,263,39,NE,LITT,100,,,,,
19,9,2020,263,39,NE,SaTr,25,,,,,
19,9,2020,263,42,SE,BARE,5,,,,,
19,9,2020,263,42,SE,LITT,95,,,,,
19,9,2020,263,42,SE,SoEl,2,,,,,
19,9,2020,263,42,SE,GuSa,7,,,,,
19,9,2020,263,42,SE,SaTr,10,,,,,
19,9,2020,263,35,NW,LITT,100,,,,,
19,9,2020,263,35,NW,DePi,1,,,,,
19,9,2020,263,35,NW,GuSa,75,,,,,
19,9,2020,263,34,NE,Unknown,5,,,,,
19,9,2020,263,34,NE,LITT,100,,,,,
19,9,2020,263,34,NE,SaTr,22,,,,,
19,9,2020,263,34,NE,GuSa,75,,,,,
19,9,2020,263,33,NE,LITT,92,,,,,
19,9,2020,263,33,NE,BARE,8,,,,,
19,9,2020,263,33,NE,GuSa,22,,,,,
19,9,2020,263,33,NE,LaCo,8,,,,,
19,9,2020,263,33,NE,SaTr,18,,,,,
19,9,2020,263,32,SE,LITT,75,,,,,
19,9,2020,263,32,SE,BARE,25,,,,,
19,9,2020,263,32,SE,SoEl,1,,,,,
19,9,2020,263,32,SE,SaTr,25,,,,,
19,9,2020,263,30,NW,LITT,85,,,,,
19,9,2020,263,30,NW,BARE,15,,,,,
19,9,2020,263,30,NW,SoEl,3,,,,,
19,9,2020,263,30,NW,SaTr,8,,,,,
19,9,2020,263,30,NW,GuSa,25,,,,,
19,9,2020,263,29,NE,LITT,100,,,,,
19,9,2020,263,29,NE,SoEl,2,,,,,
19,9,2020,263,29,NE,SaTr,20,,,,,
19,9,2020,263,29,NE,ChIn,15,,,,,
19,9,2020,263,8,NW,LITT,100,,,,,
19,9,2020,263,8,NW,ChIn,2,,,,,
19,9,2020,263,8,NW,SoEl,2,,,,,
19,9,2020,263,8,NW,SaTr,60,,,,,
19,9,2020,263,9,SW,LITT,100,,,,,
19,9,2020,263,9,SW,ChIn,4,,,,,
19,9,2020,263,9,SW,SoEl,3,,,,,
19,9,2020,263,9,SW,GuSa,50,,,,,
19,9,2020,263,11,NW,LITT,95,,,,,
19,9,2020,263,11,NW,BARE,5,,,,,
19,9,2020,263,11,NW,LaCo,2,,,,,
19,9,2020,263,11,NE,GuSa,27,,,,,
19,9,2020,263,11,NE,SaTr,40,,,,,
19,9,2020,263,12,SW,LITT,95,,,,,
19,9,2020,263,12,SW,BARE,5,,,,,
19,9,2020,263,12,SW,ChIn,5,,,,,
19,9,2020,263,12,SW,SoEl,1,,,,,
19,9,2020,263,12,SW,LaCo,15,,,,,
19,9,2020,263,12,SW,SaTr,50,,,,,
19,9,2020,263,13,NW,LITT,100,,,,,
19,9,2020,263,13,NW,SoEl,3,,,,,
19,9,2020,263,13,NW,ChIn,35,,,,,
19,9,2020,263,13,NW,SaTr,50,,,,,
19,9,2020,263,14,NE,LITT,50,,,,,
19,9,2020,263,14,NE,SaTr,50,,,,,
19,9,2020,263,5,NW,LITT,75,,,,,
19,9,2020,263,5,NW,BARE,25,,,,,
19,9,2020,263,5,NW,ChIn,2,,,,,
19,9,2020,263,5,NW,GuSa,25,,,,,
19,9,2020,263,5,NW,LaCo,1,,,,,
19,9,2020,263,5,NW,SoEl,4,,,,,
19,9,2020,263,4,NW,LITT,95,,,,,
19,9,2020,263,4,NW,BARE,5,,,,,
19,9,2020,263,4,NW,SoEl,7,,,,,
19,9,2020,263,4,NW,ChIn,15,,,,,
19,9,2020,263,4,NW,SaTr,80,,,,,
19,9,2020,263,3,NW,LITT,70,,,,,
19,9,2020,263,3,NW,BARE,30,,,,,
19,9,2020,263,3,NW,ChIn,4,,,,,
19,9,2020,263,3,NW,SaTr,10,,,,,
19,9,2020,263,3,NW,GuSa,22,,,,,
19,9,2020,263,3,NW,LaCo,5,,,,,
19,9,2020,263,2,NE,LITT,43,,,,,
19,9,2020,263,2,NE,BARE,33,,,,,
19,9,2020,263,2,NE,DePi,2,,,,,
19,9,2020,263,2,NE,SoEl,5,,,,,
19,9,2020,263,2,NE,SaTr,19,,,,,
19,9,2020,263,2,NE,LaCo,22,,,,,
19,9,2020,263,2,NE,ChIn,17,,,,,
11,9,2021,254,36,SW,BARE,2,,,,,
11,9,2021,254,36,SW,LITT,93,,,,,
11,9,2021,254,36,SW,BoGr,5,,,,,
11,9,2021,254,36,SW,SoEl,8,,,,,
11,9,2021,254,36,SW,ChIn,35,,,,,
11,9,2021,254,36,SW,SaTr,25,,,,,
11,9,2021,254,37,SW,BARE,2,,,,,
11,9,2021,254,37,SW,LITT,90,,,,,
11,9,2021,254,37,SW,BoGr,18,,,,,
11,9,2021,254,37,SW,SoEl,15,,,,,
11,9,2021,254,37,SW,ChIn,23,,,,,
11,9,2021,254,37,SW,SaTr,33,,,,,
11,9,2021,254,39,NE,BARE,2,,,,,
11,9,2021,254,39,NE,LITT,93,,,,,
11,9,2021,254,39,NE,BoGr,10,,,,,
11,9,2021,254,39,NE,ChIn,13,,,,,
11,9,2021,254,39,NE,SaTr,43,,,,,
11,9,2021,254,39,NE,Unknown,1,,,,,
11,9,2021,254,42,SE,LITT,95,,,,,
11,9,2021,254,42,SE,ChIn,2,,,,,
11,9,2021,254,42,SE,SaTr,97,,,,,
11,9,2021,254,35,NW,BARE,5,,,,,
11,9,2021,254,35,NW,LITT,90,,,,,
11,9,2021,254,35,NW,BoGr,4,,,,,
11,9,2021,254,35,NW,ChIn,15,,,,,
11,9,2021,254,35,NW,SaTr,90,,,,,
11,9,2021,254,35,NW,Unknown,1,,,,,
11,9,2021,254,34,NE,LITT,95,,,,,
11,9,2021,254,34,NE,SoEl,8,,,,,
11,9,2021,254,34,NE,ChIn,45,,,,,
11,9,2021,254,34,NE,SaTr,28,,,,,
11,9,2021,254,33,NE,LITT,95,,,,,
11,9,2021,254,33,NE,ChIn,10,,,,,
11,9,2021,254,33,NE,SaTr,93,,,,,
11,9,2021,254,32,SE,LITT,65,,,,,
11,9,2021,254,32,SE,BARE,30,,,,,
11,9,2021,254,32,SE,BoGr,8,,,,,
11,9,2021,254,32,SE,ChIn,35,,,,,
11,9,2021,254,32,SE,SaTr,45,,,,,
11,9,2021,254,30,NW,LITT,40,,,,,
11,9,2021,254,30,NW,BARE,35,,,,,
11,9,2021,254,30,NW,BoGr,2,,,,,
11,9,2021,254,30,NW,PoOl,2,,,,,
11,9,2021,254,30,NW,SoEl,2,,,,,
11,9,2021,254,30,NW,ChIn,13,,,,,
11,9,2021,254,30,NW,SaTr,43,,,,,
11,9,2021,254,29,NE,LITT,95,,,,,
11,9,2021,254,29,NE,SaTr,10,,,,,
11,9,2021,254,29,NE,ChIn,65,,,,,
11,9,2021,254,23,SW,LITT,95,,,,,
11,9,2021,254,23,NW,ChLa,2,,,,,
11,9,2021,254,23,SW,PrGl,15,,,,,
11,9,2021,254,23,NW,BoGr,10,,,,,
11,9,2021,254,23,NW,SoEl,5,,,,,
11,9,2021,254,23,NW,SaTr,20,,,,,
11,9,2021,254,23,NW,ChIn,50,,,,,
11,9,2021,254,24,SE,BARE,10,,,,,
11,9,2021,254,24,SE,LITT,85,,,,,
11,9,2021,254,24,SE,BoGr,5,,,,,
11,9,2021,254,24,SE,SoEl,5,,,,,
11,9,2021,254,24,SE,SaTr,15,,,,,
11,9,2021,254,24,SE,ChIn,38,,,,,
11,9,2021,254,27,SW,LITT,95,,,,,
11,9,2021,254,27,SW,ZiGr,10,,,,,
11,9,2021,254,27,SW,BoGr,3,,,,,
11,9,2021,254,27,SW,ChIn,30,,,,,
11,9,2021,254,27,SW,SaTr,20,,,,,
11,9,2021,254,28,SW,BARE,2,,,,,
11,9,2021,254,28,SW,LITT,90,,,,,
11,9,2021,254,28,SW,ChIn,63,,,,,
11,9,2021,254,28,SW,SaTr,30,,,,,
11,9,2021,254,21,SE,LITT,95,,,,,
11,9,2021,254,21,SE,ZiGr,2,,,,,
11,9,2021,254,21,SE,BoGr,5,,,,,
11,9,2021,254,21,SE,SaTr,10,,,,,
11,9,2021,254,21,SE,SoEl,10,,,,,
11,9,2021,254,21,SE,ChIn,45,,,,,
11,9,2021,254,20,SW,BARE,10,,,,,
11,9,2021,254,20,SW,LITT,85,,,,,
11,9,2021,254,20,SW,Unknown,5,,,,,
11,9,2021,254,20,SW,BoGr,5,,,,,
11,9,2021,254,20,SW,ChIn,10,,,,,
11,9,2021,254,20,SW,SaTr,88,,,,,
11,9,2021,254,18,NW,BARE,5,,,,,
11,9,2021,254,18,NW,LITT,90,,,,,
11,9,2021,254,18,NW,BoGr,8,,,,,
11,9,2021,254,18,NW,ChIn,20,,,,,
11,9,2021,254,18,NW,SaTr,88,,,,,
11,9,2021,254,17,NW,SoEl,6,,,,,
11,9,2021,254,17,NW,BARE,35,,,,,
11,9,2021,254,17,NW,LITT,50,,,,,
11,9,2021,254,17,NW,RaCo,2,,,,,
11,9,2021,254,17,NW,PoOl,2,,,,,
11,9,2021,254,17,NW,BoGr,5,,,,,
11,9,2021,254,17,NW,ChIn,25,,,,,
11,9,2021,254,17,NW,SaTr,30,,,,,
11,9,2021,254,16,SW,LITT,95,,,,,
11,9,2021,254,16,SW,BoGr,13,,,,,
11,9,2021,254,16,SW,ChIn,8,,,,,
11,9,2021,254,16,SW,SaTr,90,,,,,
11,9,2021,254,15,NW,BARE,10,,,,,
11,9,2021,254,15,NW,LITT,85,,,,,
11,9,2021,254,15,NW,BoGr,8,,,,,
11,9,2021,254,15,NW,ChIn,8,,,,,
11,9,2021,254,15,NW,SaTr,93,,,,,
11,9,2021,254,8,NW,BARE,10,,,,,
11,9,2021,254,8,NW,LITT,78,,,,,
11,9,2021,254,8,NW,BoGr,8,,,,,
11,9,2021,254,8,NW,SoEl,20,,,,,
11,9,2021,254,8,NW,ChIn,13,,,,,
11,9,2021,254,8,NW,SaTr,40,,,,,
11,9,2021,254,9,SW,BARE,10,,,,,
11,9,2021,254,9,SE,LITT,80,,,,,
11,9,2021,254,9,SW,SoEl,10,,,,,
11,9,2021,254,9,SW,ChIn,30,,,,,
11,9,2021,254,9,SW,SaTr,28,,,,,
11,9,2021,254,12,SW,LITT,90,,,,,
11,9,2021,254,12,SW,SoEl,5,,,,,
11,9,2021,254,12,SW,BoGr,5,,,,,
11,9,2021,254,12,SW,ChIn,28,,,,,
11,9,2021,254,12,SW,SaTr,53,,,,,
11,9,2021,254,11,NE,LITT,98,,,,,
11,9,2021,254,11,NE,SoEl,2,,,,,
11,9,2021,254,11,NE,BoGr,8,,,,,
11,9,2021,254,11,NE,ChIn,75,,,,,
11,9,2021,254,14,NE,LITT,95,,,,,
11,9,2021,254,14,NE,BoGr,8,,,,,
11,9,2021,254,14,NE,ChIn,8,,,,,
11,9,2021,254,14,NE,SaTr,70,,,,,
11,9,2021,254,13,NW,LITT,95,,,,,
11,9,2021,254,13,NW,BoGr,2,,,,,
11,9,2021,254,13,NW,SoEl,5,,,,,
11,9,2021,254,13,NW,ChIn,5,,,,,
11,9,2021,254,13,NW,SaTr,88,,,,,
11,9,2021,254,5,NW,BARE,15,,,,,
11,9,2021,254,5,NW,LITT,77,,,,,
11,9,2021,254,5,NW,BoGr,1,,,,,
11,9,2021,254,5,NW,ChIn,60,,,,,
11,9,2021,254,5,NW,SaTr,23,,,,,
11,9,2021,254,4,NW,BARE,5,,,,,
11,9,2021,254,4,NW,LITT,84,,,,,
11,9,2021,254,4,NW,SoEl,5,,,,,
11,9,2021,254,4,NW,BoGr,23,,,,,
11,9,2021,254,4,NW,ChIn,35,,,,,
11,9,2021,254,4,NW,SaTr,45,,,,,
11,9,2021,254,3,NW,Unknown,2,,,,,
11,9,2021,254,3,NW,BARE,20,,,,,
11,9,2021,254,3,NW,LITT,65,,,,,
11,9,2021,254,3,NW,BoGr,9,,,,,
11,9,2021,254,3,NW,SoEl,13,,,,,
11,9,2021,254,3,NW,ChIn,33,,,,,
11,9,2021,254,3,NW,SaTr,48,,,,,
11,9,2021,254,2,NE,LITT,70,,,,,
11,9,2021,254,2,NE,BARE,10,,,,,
11,9,2021,254,2,NE,ChIn,23,,,,,
11,9,2021,254,2,NE,SaTr,65,,,,,
17,9,2022,260,36,SW,LITT,60,,,,,
17,9,2022,260,36,SW,PoMu,1,,,,,
17,9,2022,260,36,SW,BoGr,1,,,,,
17,9,2022,260,36,SW,SoEl,1,,,,,
17,9,2022,260,36,SW,ChIn,2,,,,,
17,9,2022,260,36,SW,SaTr,50,,,,,
17,9,2022,260,37,SW,BARE,10,,,,,
17,9,2022,260,37,SW,LITT,60,,,,,
17,9,2022,260,37,SW,SoEl,1,,,,,
17,9,2022,260,37,SW,BoGr,5,,,,,
17,9,2022,260,37,SW,ChIn,2,,,,,
17,9,2022,260,37,SW,SaTr,25,,,,,
17,9,2022,260,39,NE,BARE,5,,,,,
17,9,2022,260,39,NE,LITT,20,,,,,
17,9,2022,260,39,NE,SoEl,1,,,,,
17,9,2022,260,39,NE,BoGr,5,,,,,
17,9,2022,260,39,NE,ChIn,5,,,,,
17,9,2022,260,39,NE,SaTr,70,,,,,
17,9,2022,260,42,SE,LITT,100,,,,,
17,9,2022,260,42,SE,ChLa,1,,,,,
17,9,2022,260,42,SE,GlPu,1,,,,,
17,9,2022,260,42,SE,BoGr,3,,,,,
17,9,2022,260,35,NW,LITT,100,,,,,
17,9,2022,260,35,NW,GlPu,1,,,,,
17,9,2022,260,35,NW,SoEl,1,,,,,
17,9,2022,260,35,NW,BoGr,3,,,,,
17,9,2022,260,34,NE,LITT,100,,,,,
17,9,2022,260,34,NE,ChIn,20,,,,,
17,9,2022,260,34,NE,SaTr,6,,,,,
17,9,2022,260,33,NE,LITT,100,,,,,
17,9,2022,260,33,NE,BoGr,1,,,,,
17,9,2022,260,33,NE,ChLa,1,,,,,
17,9,2022,260,33,NE,ChIn,2,,,,,
17,9,2022,260,33,NE,SaTr,2,,,,,
17,9,2022,260,32,SE,BARE,5,,,,,
17,9,2022,260,32,SE,LITT,40,,,,,
17,9,2022,260,32,SE,BoGr,1,,,,,
17,9,2022,260,32,SE,SoEl,1,,,,,
17,9,2022,260,32,SE,ChIn,12,,,,,
17,9,2022,260,32,SE,SaTr,25,,,,,
17,9,2022,260,30,NW,BARE,10,,,,,
17,9,2022,260,30,NW,LITT,50,,,,,
17,9,2022,260,30,NW,SoEl,1,,,,,
17,9,2022,260,30,NW,GlPu,1,,,,,
17,9,2022,260,30,NW,ChIn,2,,,,,
17,9,2022,260,30,NW,SaTr,55,,,,,
17,9,2022,260,29,NE,BARE,22,,,,,
17,9,2022,260,29,NE,LITT,40,,,,,
17,9,2022,260,29,NE,BoGr,1,,,,,
17,9,2022,260,29,NE,SaTr,24,,,,,
17,9,2022,260,29,NE,ChIn,10,,,,,
17,9,2022,260,23,NW,BARE,35,,,,,
17,9,2022,260,23,NW,LITT,65,,,,,
17,9,2022,260,23,NW,SoEl,1,,,,,
17,9,2022,260,23,NW,AmPa,1,,,,,
17,9,2022,260,23,NW,BoGr,1,,,,,
17,9,2022,260,23,NW,SaTr,2,,,,,
17,9,2022,260,24,SE,BARE,30,,,,,
17,9,2022,260,24,SE,LITT,70,,,,,
17,9,2022,260,24,SE,GlPu,1,,,,,
17,9,2022,260,24,SE,SaTr,1,,,,,
17,9,2022,260,24,SE,ChLa,1,,,,,
17,9,2022,260,24,SE,BoGr,1,,,,,
17,9,2022,260,24,SE,ChIn,5,,,,,
17,9,2022,260,27,SW,BARE,5,,,,,
17,9,2022,260,27,SW,LITT,50,,,,,
17,9,2022,260,27,SW,BoGr,1,,,,,
17,9,2022,260,27,SW,ZiGr,5,,,,,
17,9,2022,260,27,SW,ChIn,10,,,,,
17,9,2022,260,27,SW,SaTr,50,,,,,
17,9,2022,260,28,SW,ChLa,1,,,,,
17,9,2022,260,28,SW,BARE,5,,,,,
17,9,2022,260,28,SW,LITT,95,,,,,
17,9,2022,260,28,SW,SaTr,12,,,,,
17,9,2022,260,21,SE,BARE,10,,,,,
17,9,2022,260,21,SE,LITT,55,,,,,
17,9,2022,260,21,SE,SaTr,4,,,,,
17,9,2022,260,21,SE,BoGr,2,,,,,
17,9,2022,260,21,SE,SoEl,1,,,,,
17,9,2022,260,21,SE,ChIn,30,,,,,
17,9,2022,260,21,SE,ChLa,1,,,,,
17,9,2022,260,20,SW,LITT,100,,,,,
17,9,2022,260,20,SW,SoEl,2,,,,,
17,9,2022,260,20,SW,BoGr,7,,,,,
17,9,2022,260,18,NW,BARE,28,,,,,
17,9,2022,260,18,NW,LITT,37,,,,,
17,9,2022,260,18,NW,GlPu,1,,,,,
17,9,2022,260,18,NW,PoMu,1,,,,,
17,9,2022,260,18,NW,BoGr,3,,,,,
17,9,2022,260,18,NW,ArHu,6,,,,,
17,9,2022,260,18,NW,SaTr,25,,,,,
17,9,2022,260,18,NW,AmPa,1,,,,,
17,9,2022,260,17,NW,BARE,30,,,,,
17,9,2022,260,17,NW,LITT,30,,,,,
17,9,2022,260,17,NW,AmPa,1,,,,,
17,9,2022,260,17,NW,AmPa,1,,,,,
17,9,2022,260,17,NW,ChLa,1,,,,,
17,9,2022,260,17,NW,SoEl,2,,,,,
17,9,2022,260,17,NW,BoGr,5,,,,,
17,9,2022,260,17,NW,SaTr,20,,,,,
17,9,2022,260,16,SW,BARE,35,,,,,
17,9,2022,260,16,SW,LITT,35,,,,,
17,9,2022,260,16,SW,AmPa,1,,,,,
17,9,2022,260,16,SW,BoGr,1,,,,,
17,9,2022,260,16,SW,ChLa,1,,,,,
17,9,2022,260,16,SW,SaTr,15,,,,,
17,9,2022,260,15,NW,BARE,5,,,,,
17,9,2022,260,15,NW,LITT,85,,,,,
17,9,2022,260,15,NW,AmPa,1,,,,,
17,9,2022,260,15,NW,BoGr,2,,,,,
17,9,2022,260,15,NW,PrGl,1,,,,,
17,9,2022,260,8,NW,BARE,45,,,,,
17,9,2022,260,8,NW,LITT,25,,,,,
17,9,2022,260,8,NW,AmPa,1,,,,,
17,9,2022,260,8,NW,PoMu,1,,,,,
17,9,2022,260,8,NW,AmPa,1,,,,,
17,9,2022,260,8,NW,ChLa,5,,,,,
17,9,2022,260,8,SW,BoGr,2,,,,,
17,9,2022,260,8,SW,GlPu,1,,,,,
17,9,2022,260,8,NW,SoEl,1,,,,,
17,9,2022,260,8,NW,SaTr,20,,,,,
17,9,2022,260,9,SW,BARE,5,,,,,
17,9,2022,260,9,SW,LITT,90,,,,,
17,9,2022,260,9,SW,PoMu,1,,,,,
17,9,2022,260,9,SW,AmPa,1,,,,,
17,9,2022,260,9,SW,AmPa,1,,,,,
17,9,2022,260,9,SW,BoGr,2,,,,,
17,9,2022,260,9,SW,SaTr,5,,,,,
17,9,2022,260,9,SW,SoEl,2,,,,,
17,9,2022,260,9,SW,ChIn,5,,,,,
17,9,2022,260,11,NE,LITT,80,,,,,
17,9,2022,260,11,NE,SoEl,1,,,,,
17,9,2022,260,11,NE,ChIn,38,,,,,
17,9,2022,260,12,SW,BARE,1,,,,,
17,9,2022,260,12,SW,LITT,55,,,,,
17,9,2022,260,12,SW,ChLa,1,,,,,
17,9,2022,260,12,SW,AmPa,1,,,,,
17,9,2022,260,12,SW,BoGr,10,,,,,
17,9,2022,260,12,SW,SaTr,25,,,,,
17,9,2022,260,12,SW,ChIn,17,,,,,
17,9,2022,260,13,NW,LITT,65,,,,,
17,9,2022,260,13,NW,BoGr,3,,,,,
17,9,2022,260,13,NW,SoEl,6,,,,,
17,9,2022,260,13,NW,SaTr,6,,,,,
17,9,2022,260,13,NW,ChIn,40,,,,,
17,9,2022,260,14,NE,BARE,3,,,,,
17,9,2022,260,14,NE,LITT,65,,,,,
17,9,2022,260,14,NE,GlPu,1,,,,,
17,9,2022,260,14,NE,BoGr,3,,,,,
17,9,2022,260,14,NE,SoEl,1,,,,,
17,9,2022,260,14,NE,SaTr,9,,,,,
17,9,2022,260,14,NE,ChIn,25,,,,,
17,9,2022,260,5,NW,BARE,5,,,,,
17,9,2022,260,5,NW,LITT,60,,,,,
17,9,2022,260,5,NW,BoGr,4,,,,,
17,9,2022,260,5,NW,SoEl,1,,,,,
17,9,2022,260,5,NW,SaTr,15,,,,,
17,9,2022,260,5,NW,ChIn,20,,,,,
17,9,2022,260,4,NW,LITT,90,,,,,
17,9,2022,260,4,NW,GlPu,1,,,,,
17,9,2022,260,4,NW,BaSc,1,,,,,
17,9,2022,260,4,NW,SoEl,2,,,,,
17,9,2022,260,4,NW,BoGr,9,,,,,
17,9,2022,260,4,NW,SaTr,8,,,,,
17,9,2022,260,3,NW,BARE,7,,,,,
17,9,2022,260,3,NW,LITT,70,,,,,
17,9,2022,260,3,NW,GlPu,1,,,,,
17,9,2022,260,3,NW,AmPa,1,,,,,
17,9,2022,260,3,NW,SaTr,15,,,,,
17,9,2022,260,3,NW,BoGr,12,,,,,
17,9,2022,260,3,NW,ChIn,15,,,,,
17,9,2022,260,3,NW,SoEl,10,,,,,
17,9,2022,260,2,NE,LITT,70,,,,,
17,9,2022,260,2,NE,SoEl,2,,,,,
17,9,2022,260,2,NE,BaSc,17,,,,,
17,9,2022,260,2,NE,ChIn,35,,,,,
17,9,2022,260,2,NE,SaTr,40,,,,,
27,8,2023,239,12,SW,BoGr,16,,,,,
27,8,2023,239,12,SW,SoEl,2,,,,,
27,8,2023,239,12,SW,ChIn,42,,,,,
27,8,2023,239,12,SW,LITT,85,,,,,
27,8,2023,239,14,NE,SoEl,1,,,,,
27,8,2023,239,14,NE,SaTr,1,,,,,
27,8,2023,239,14,NE,BoGr,7,,,,,
27,8,2023,239,14,NE,ChIn,50,,,,,
27,8,2023,239,14,NE,LITT,94,,,,,
27,8,2023,239,35,NW,BoGr,10,,,,,
27,8,2023,239,35,NW,GuSa,25,,,,,
27,8,2023,239,35,NW,ChIn,20,,,,,
27,8,2023,239,35,NW,LITT,65,,,,,
27,8,2023,239,35,NW,BARE,6,,,,,
27,8,2023,239,27,SW,ZiGr,1,,,,,
27,8,2023,239,27,SW,BoGr,2,,,,,
27,8,2023,239,27,SW,ChIn,40,,,,,
27,8,2023,239,27,SW,LITT,98,,,,,
27,8,2023,239,27,SW,BARE,1,,,,,
27,8,2023,239,36,SW,SoEl,2,,,,,
27,8,2023,239,36,SW,BoGr,1,,,,,
27,8,2023,239,36,SW,SaTr,10,,,,,
27,8,2023,239,36,SW,ChIn,45,,,,,
27,8,2023,239,36,SW,LITT,98,,,,,
27,8,2023,239,36,SW,BARE,2,,,,,
27,8,2023,239,29,NE,ChIn,30,,,,,
27,8,2023,239,29,NE,SaTr,6,,,,,
27,8,2023,239,29,NE,LITT,96,,,,,
27,8,2023,239,29,NE,BARE,4,,,,,
27,8,2023,239,30,NW,SaTr,4,,,,,
27,8,2023,239,30,NW,ChIn,22,,,,,
27,8,2023,239,30,NW,SoEl,6,,,,,
27,8,2023,239,30,NW,LITT,96,,,,,
27,8,2023,239,30,NW,BARE,3,,,,,
27,8,2023,239,37,SW,SaTr,7,,,,,
27,8,2023,239,37,SW,SoEl,10,,,,,
27,8,2023,239,37,SW,ChIn,8,,,,,
27,8,2023,239,37,SW,BoGr,60,,,,,
27,8,2023,239,37,SW,LITT,31,,,,,
27,8,2023,239,37,SW,BARE,2,,,,,
27,8,2023,239,39,NE,SaTr,3,,,,,
27,8,2023,239,39,NE,BoGr,4,,,,,
27,8,2023,239,39,NE,ChIn,37,,,,,
27,8,2023,239,39,NE,LITT,93,,,,,
27,8,2023,239,39,NE,BARE,5,,,,,
27,8,2023,239,32,SE,SaTr,1,,,,,
27,8,2023,239,32,SE,BoGr,6,,,,,
27,8,2023,239,32,SE,ChIn,37,,,,,
27,8,2023,239,32,SE,LITT,94,,,,,
27,8,2023,239,32,SE,BARE,3,,,,,
27,8,2023,239,33,NE,ChIn,15,,,,,
27,8,2023,239,33,NE,LITT,96,,,,,
27,8,2023,239,33,NE,BARE,4,,,,,
27,8,2023,239,34,NE,BoGr,1,,,,,
27,8,2023,239,34,NE,ChIn,48,,,,,
27,8,2023,239,34,NE,LITT,99,,,,,
27,8,2023,239,34,NE,BARE,2,,,,,
27,8,2023,239,42,SE,SaTr,1,,,,,
27,8,2023,239,42,SE,BoGr,25,,,,,
27,8,2023,239,42,SE,ChIn,28,,,,,
27,8,2023,239,42,SE,BARE,78,,,,,
27,8,2023,239,42,SE,BARE,15,,,,,
27,8,2023,239,35,NW,GuSa,3,,,,,
27,8,2023,239,35,NW,BoGr,3,,,,,
27,8,2023,239,35,NW,ChIn,73,,,,,
27,8,2023,239,35,NW,LITT,97,,,,,
27,8,2023,239,35,NW,BARE,0,,,,,
27,8,2023,239,21,SE,BoGr,3,,,,,
27,8,2023,239,21,SE,SoEl,2,,,,,
27,8,2023,239,21,SE,ChIn,35,,,,,
27,8,2023,239,21,SE,LITT,96,,,,,
27,8,2023,239,21,SE,BARE,2,,,,,
27,8,2023,239,21,SE,SoEl,1,,,,,
27,8,2023,239,27,SW,ZiGr,1,,,,,
27,8,2023,239,27,SW,BoGr,8,,,,,
27,8,2023,239,27,SW,ChIn,23,,,,,
27,8,2023,239,27,SW,SaTr,4,,,,,
27,8,2023,239,27,SW,LITT,90,,,,,
27,8,2023,239,27,SW,BARE,6,,,,,
27,8,2023,239,21,SE,BoGr,2,,,,,
27,8,2023,239,21,SE,ArHu,2,,,,,
27,8,2023,239,21,SE,ChIn,25,,,,,
27,8,2023,239,21,SE,PrGl,18,,,,,
27,8,2023,239,21,SE,LITT,99,,,,,
27,8,2023,239,28,SW,SaTr,1,,,,,
27,8,2023,239,20,SW,SoEl,2,,,,,
27,8,2023,239,20,SW,SaTr,2,,,,,
27,8,2023,239,20,SW,BoGr,18,,,,,
27,8,2023,239,20,SW,ChIn,20,,,,,
27,8,2023,239,20,SW,LITT,92,,,,,
27,8,2023,239,20,SW,BARE,2,,,,,
27,8,2023,239,18,NW,BoGr,5,,,,,
27,8,2023,239,18,NW,ChIn,38,,,,,
27,8,2023,239,18,NW,LITT,65,,,,,
27,8,2023,239,18,NW,BARE,35,,,,,
27,8,2023,239,17,NW,BoGr,10,,,,,
27,8,2023,239,17,NW,SaTr,17,,,,,
27,8,2023,239,17,NW,ChIn,3,,,,,
27,8,2023,239,17,NW,LITT,29,,,,,
27,8,2023,239,17,NW,BARE,70,,,,,
27,8,2023,239,24,SE,BoGr,1,,,,,
27,8,2023,239,24,SE,ChIn,48,,,,,
27,8,2023,239,24,SE,BARE,12,,,,,
27,8,2023,239,24,SE,LITT,80,,,,,
27,8,2023,239,23,NW,SaTr,1,,,,,
27,8,2023,239,23,NW,BoGr,5,,,,,
27,8,2023,239,23,NW,PrGl,17,,,,,
27,8,2023,239,23,NW,ChIn,20,,,,,
27,8,2023,239,23,NW,BARE,18,,,,,
27,8,2023,239,23,NW,LITT,70,,,,,
27,8,2023,239,16,SW,SoRo,1,,,,,
27,8,2023,239,16,SW,SaTr,5,,,,,
27,8,2023,239,16,SW,BoGr,5,,,,,
27,8,2023,239,16,SW,ChIn,15,,,,,
27,8,2023,239,16,SW,BARE,50,,,,,
27,8,2023,239,16,SW,LITT,50,,,,,
27,8,2023,239,15,NW,SaTr,2,,,,,
27,8,2023,239,15,NW,BoGr,24,,,,,
27,8,2023,239,15,NW,ChIn,30,,,,,
27,8,2023,239,15,NW,BARE,6,,,,,
27,8,2023,239,15,NW,LITT,74,,,,,
27,8,2023,239,28,SW,PrGl,12,,,,,
27,8,2023,239,28,SW,ChIn,20,,,,,
27,8,2023,239,28,SW,LITT,97,,,,,
27,8,2023,239,28,SW,BARE,1,,,,,
27,8,2023,239,13,NW,SaTr,3,,,,,
27,8,2023,239,13,NW,BoGr,2,,,,,
27,8,2023,239,13,NW,SoEl,6,,,,,
27,8,2023,239,13,NW,ChIn,20,,,,,
27,8,2023,239,13,NW,BARE,1,,,,,
27,8,2023,239,13,NW,LITT,98,,,,,
27,8,2023,239,12,SW,SoEl,3,,,,,
27,8,2023,239,12,SW,ChIn,40,,,,,
27,8,2023,239,12,SW,BoGr,60,,,,,
27,8,2023,239,12,SW,LITT,50,,,,,
27,8,2023,239,12,SW,BARE,1,,,,,
27,8,2023,239,5,NW,ChIn,40,,,,,
27,8,2023,239,5,NW,SoEl,1,,,,,
27,8,2023,239,5,NW,SaTr,3,,,,,
27,8,2023,239,5,NW,BoGr,7,,,,,
27,8,2023,239,5,NW,LITT,80,,,,,
27,8,2023,239,5,NW,BARE,5,,,,,
27,8,2023,239,11,NE,BoGr,1,,,,,
27,8,2023,239,11,NE,ChIn,80,,,,,
27,8,2023,239,11,NE,LITT,97,,,,,
27,8,2023,239,11,NE,BARE,2,,,,,
27,8,2023,239,4,NW,SaTr,1,,,,,
27,8,2023,239,4,NW,SoEl,3,,,,,
27,8,2023,239,4,NW,ChIn,23,,,,,
27,8,2023,239,4,NW,BoGr,50,,,,,
27,8,2023,239,4,NW,LITT,40,,,,,
27,8,2023,239,4,NW,BARE,1,,,,,
27,8,2023,239,3,NW,BoGr,8,,,,,
27,8,2023,239,3,NW,SoEl,5,,,,,
27,8,2023,239,3,NW,GuSa,30,,,,,
27,8,2023,239,3,NW,SaTr,3,,,,,
27,8,2023,239,3,NW,ChIn,12,,,,,
27,8,2023,239,3,NW,BARE,60,,,,,
27,8,2023,239,3,NW,BARE,3,,,,,
27,8,2023,239,9,SW,SoEl,1,,,,,
27,8,2023,239,9,SW,SaTr,4,,,,,
27,8,2023,239,9,SW,BoGr,5,,,,,
27,8,2023,239,9,SW,ChIn,40,,,,,
27,8,2023,239,9,SW,LITT,80,,,,,
27,8,2023,239,9,SW,BARE,15,,,,,
27,8,2023,239,2,NE,SoEl,2,,,,,
27,8,2023,239,2,NE,SaTr,5,,,,,
27,8,2023,239,2,NE,ChIn,50,,,,,
27,8,2023,239,2,NE,LITT,90,,,,,
27,8,2023,239,2,NE,BARE,10,,,,,
27,8,2023,239,8,NW,SoEl,15,,,,,
27,8,2023,239,8,NW,TeLa,1,,,,,
27,8,2023,239,8,NW,SaTr,10,,,,,
27,8,2023,239,8,NW,ChIn,5,,,,,
27,8,2023,239,8,NW,BoGr,15,,,,,
27,8,2023,239,8,NW,LITT,50,,,,,
27,8,2023,239,8,NW,BARE,45,,,,,
12,9,2024,256,2,NE,LITT,80,,,,,
12,9,2024,256,2,NE,BARE,2,,,,,
12,9,2024,256,2,NE,ChIn,32,,,,,
12,9,2024,256,3,NW,LITT,75,,,,,
12,9,2024,256,3,NW,BARE,8,,,,,
12,9,2024,256,3,NW,ChIn,17,,,,,
12,9,2024,256,3,NW,BoGr,12,,,,,
12,9,2024,256,4,NW,LITT,85,,,,,
12,9,2024,256,4,NW,BARE,2,,,,,
12,9,2024,256,4,NW,ChIn,10,,,,,
12,9,2024,256,4,NW,BoGr,7,,,,,
12,9,2024,256,5,NW,LITT,92,,,,,
12,9,2024,256,5,NW,BARE,2,,,,,
12,9,2024,256,5,NW,ChIn,52,,,,,
12,9,2024,256,14,NE,LITT,88,,,,,
12,9,2024,256,14,NE,BARE,3,,,,,
12,9,2024,256,14,NE,ChIn,30,,,,,
12,9,2024,256,14,NE,BoGr,2,,,,,
12,9,2024,256,13,NW,LITT,98,,,,,
12,9,2024,256,13,NW,BARE,1,,,,,
12,9,2024,256,13,NW,ChIn,9,,,,,
12,9,2024,256,12,SW,LITT,95,,,,,
12,9,2024,256,12,SW,BARE,3,,,,,
12,9,2024,256,12,SW,ChIn,25,,,,,
12,9,2024,256,12,SW,BoGr,7,,,,,
12,9,2024,256,11,NE,LITT,85,,,,,
12,9,2024,256,11,NE,BARE,5,,,,,
12,9,2024,256,11,NE,ChIn,27,,,,,
12,9,2024,256,9,SW,LITT,87,,,,,
12,9,2024,256,9,SW,BARE,4,,,,,
12,9,2024,256,9,SW,ChIn,45,,,,,
12,9,2024,256,9,SW,BoGr,1,,,,,
12,9,2024,256,8,NW,LITT,25,,,,,
12,9,2024,256,8,NW,BARE,68,,,,,
12,9,2024,256,8,NW,ChIn,2,,,,,
12,9,2024,256,8,NW,BoGr,15,,,,,
12,9,2024,256,15,NW,LITT,87,,,,,
12,9,2024,256,15,NW,BARE,5,,,,,
12,9,2024,256,15,NW,ChIn,40,,,,,
12,9,2024,256,15,NW,BoGr,9,,,,,
12,9,2024,256,16,SW,LITT,38,,,,,
12,9,2024,256,16,SW,BARE,55,,,,,
12,9,2024,256,16,SW,ChIn,25,,,,,
12,9,2024,256,16,SW,BoGr,1,,,,,
12,9,2024,256,17,NW,LITT,53,,,,,
12,9,2024,256,17,NW,BARE,43,,,,,
12,9,2024,256,17,NW,ChIn,18,,,,,
12,9,2024,256,17,NW,BoGr,2,,,,,
12,9,2024,256,17,NW,SaTr,1,,,,,
12,9,2024,256,18,NW,LITT,72,,,,,
12,9,2024,256,18,NW,BARE,20,,,,,
12,9,2024,256,18,NW,ChIn,20,,,,,
12,9,2024,256,18,NW,BoGr,2,,,,,
12,9,2024,256,18,NW,Unknown,1,,,,,
12,9,2024,256,18,NW,BoGr,2,,,,,
12,9,2024,256,20,SW,LITT,90,,,,,
12,9,2024,256,20,SW,BARE,3,,,,,
12,9,2024,256,20,SW,ChIn,10,,,,,
12,9,2024,256,20,SW,BoGr,21,,,,,
12,9,2024,256,21,SE,LITT,80,,,,,
12,9,2024,256,21,SE,BARE,10,,,,,
12,9,2024,256,21,SE,ChIn,8,,,,,
12,9,2024,256,21,SE,BoGr,1,,,,,
12,9,2024,256,28,SW,LITT,98,,,,,
12,9,2024,256,28,SW,BARE,2,,,,,
12,9,2024,256,28,SW,ChIn,20,,,,,
12,9,2024,256,27,SW,LITT,98,,,,,
12,9,2024,256,27,SW,BARE,2,,,,,
12,9,2024,256,27,SW,ChIn,20,,,,,
12,9,2024,256,24,SE,LITT,80,,,,,
12,9,2024,256,24,SE,BARE,1,,,,,
12,9,2024,256,24,SE,ChIn,65,,,,,
12,9,2024,256,23,NW,LITT,80,,,,,
12,9,2024,256,23,NW,BARE,7,,,,,
12,9,2024,256,23,NW,ChIn,50,,,,,
12,9,2024,256,23,NW,BoGr,1,,,,,
12,9,2024,256,23,NW,PrGl,1,,,,,
12,9,2024,256,29,NE,LITT,95,,,,,
12,9,2024,256,29,NE,BARE,3,,,,,
12,9,2024,256,29,NE,ChIn,22,,,,,
12,9,2024,256,30,NW,LITT,80,,,,,
12,9,2024,256,30,NW,BARE,7,,,,,
12,9,2024,256,30,NW,ChIn,45,,,,,
12,9,2024,256,30,NW,BoGr,1,,,,,
12,9,2024,256,32,SE,LITT,82,,,,,
12,9,2024,256,32,SE,BARE,5,,,,,
12,9,2024,256,32,SE,ChIn,55,,,,,
12,9,2024,256,32,SE,BoGr,2,,,,,
12,9,2024,256,32,SE,SaTr,2,,,,,
12,9,2024,256,33,NE,LITT,80,,,,,
12,9,2024,256,33,NE,BARE,15,,,,,
12,9,2024,256,33,NE,ChIn,4,,,,,
12,9,2024,256,34,NE,LITT,98,,,,,
12,9,2024,256,34,NE,BARE,1,,,,,
12,9,2024,256,34,NE,ChIn,25,,,,,
12,9,2024,256,35,NW,LITT,92,,,,,
12,9,2024,256,35,NW,BARE,4,,,,,
12,9,2024,256,35,NW,ChIn,7,,,,,
12,9,2024,256,35,NW,BoGr,11,,,,,
12,9,2024,256,42,SE,LITT,72,,,,,
12,9,2024,256,42,SE,BARE,13,,,,,
12,9,2024,256,42,SE,ChIn,25,,,,,
12,9,2024,256,42,SE,BoGr,10,,,,,
12,9,2024,256,39,NE,LITT,90,,,,,
12,9,2024,256,39,NE,BARE,3,,,,,
12,9,2024,256,39,NE,ChIn,32,,,,,
12,9,2024,256,37,SW,LITT,80,,,,,
12,9,2024,256,37,SW,BARE,5,,,,,
12,9,2024,256,37,SW,ChIn,15,,,,,
12,9,2024,256,37,SW,BoGr,40,,,,,
12,9,2024,256,37,SW,SaTr,2,,,,,
12,9,2024,256,36,SW,LITT,85,,,,,
12,9,2024,256,36,SW,BARE,4,,,,,
12,9,2024,256,36,SW,ChIn,55,,,,,
12,9,2024,256,36,SW,SaTr,3,,,,,
20,9,2025,263,2,NE,SaTr,33,,,,,
20,9,2025,263,2,NE,ChIn,20,,,,,
20,9,2025,263,2,NE,LITT,70,,,,,
20,9,2025,263,2,NE,ThFi,45,,,,,
20,9,2025,263,2,NE,BARE,5,,,,,
20,9,2025,263,3,NW,BoGr,6,,,,,
20,9,2025,263,3,NW,SaTr,70,,,,,
20,9,2025,263,3,NW,SoEl,3,,,,,
20,9,2025,263,3,NW,ThFi,22,,,,,
20,9,2025,263,3,NW,LITT,5,,,,,
20,9,2025,263,3,NW,BARE,2,,,,,
20,9,2025,263,4,NW,SaTr,70,,,,,
20,9,2025,263,4,NW,ChIn,10,,,,,
20,9,2025,263,4,NW,BoGr,12,,,,,
20,9,2025,263,4,NW,SoEl,2,,,,,
20,9,2025,263,4,NW,ThFi,30,,,,,
20,9,2025,263,4,NW,LITT,5,,,,,
20,9,2025,263,4,NW,BARE,1,,,,,
20,9,2025,263,5,NW,SaTr,90,,,,,
20,9,2025,263,5,NW,ChIn,10,,,,,
20,9,2025,263,5,NW,ThFi,8,,,,,
20,9,2025,263,5,NW,LITT,7,,,,,
20,9,2025,263,5,NW,BARE,2,,,,,
20,9,2025,263,5,NW,BoGr,1,,,,,
20,9,2025,263,14,NE,SaTr,35,,,,,
20,9,2025,263,14,NE,ChIn,3,,,,,
20,9,2025,263,14,NE,BoGr,1,,,,,
20,9,2025,263,14,NE,ThFi,32,,,,,
20,9,2025,263,14,NE,ArHu,7,,,,,
20,9,2025,263,14,NE,LITT,15,,,,,
20,9,2025,263,14,NE,BARE,10,,,,,
20,9,2025,263,13,NW,SaTr,95,,,,,
20,9,2025,263,13,NW,LITT,7,,,,,
20,9,2025,263,13,NW,ThFi,5,,,,,
20,9,2025,263,12,SW,LaCo,3,,,,,
20,9,2025,263,12,SW,SaTr,30,,,,,
20,9,2025,263,12,SW,BoGr,5,,,,,
20,9,2025,263,12,SW,ChIn,12,,,,,
20,9,2025,263,12,SW,ThFi,17,,,,,
20,9,2025,263,12,SW,SoEl,1,,,,,
20,9,2025,263,12,SW,PoOl,2,,,,,
20,9,2025,263,12,SW,LITT,40,,,,,
20,9,2025,263,12,SW,BARE,1,,,,,
20,9,2025,263,11,NE,SaTr,27,,,,,
20,9,2025,263,11,NE,ChIn,6,,,,,
20,9,2025,263,11,NE,ThFi,35,,,,,
20,9,2025,263,11,NE,LITT,30,,,,,
20,9,2025,263,11,NE,BARE,2,,,,,
20,9,2025,263,9,SW,SaTr,22,,,,,
20,9,2025,263,9,SW,ChIn,20,,,,,
20,9,2025,263,9,SW,ThFi,30,,,,,
20,9,2025,263,9,SW,LITT,20,,,,,
20,9,2025,263,9,SW,BARE,5,,,,,
20,9,2025,263,8,NW,ChIn,6,,,,,
20,9,2025,263,8,NW,BoGr,40,,,,,
20,9,2025,263,8,NW,PoOl,3,,,,,
20,9,2025,263,8,NW,SoEl,1,,,,,
20,9,2025,263,8,NW,ThFi,25,,,,,
20,9,2025,263,8,NW,SaTr,5,,,,,
20,9,2025,263,8,NW,LITT,4,,,,,
20,9,2025,263,8,NW,BARE,9,,,,,
20,9,2025,263,15,NW,ChIn,3,,,,,
20,9,2025,263,15,NW,BoGr,7,,,,,
20,9,2025,263,15,NW,ThFi,50,,,,,
20,9,2025,263,15,NW,GlPu,4,,,,,
20,9,2025,263,15,NW,LITT,45,,,,,
20,9,2025,263,15,NW,BARE,12,,,,,
20,9,2025,263,16,SW,SaTr,25,,,,,
20,9,2025,263,16,SW,ChIn,5,,,,,
20,9,2025,263,16,SW,ThFi,12,,,,,
20,9,2025,263,16,SW,LaCo,2,,,,,
20,9,2025,263,16,SW,LITT,15,,,,,
20,9,2025,263,16,SW,BARE,40,,,,,
20,9,2025,263,17,NW,SaTr,10,,,,,
20,9,2025,263,17,NW,ThFi,25,,,,,
20,9,2025,263,17,NW,ChIn,12,,,,,
20,9,2025,263,17,NW,BoGr,1,,,,,
20,9,2025,263,17,NW,GlPu,3,,,,,
20,9,2025,263,17,NW,LITT,25,,,,,
20,9,2025,263,17,NW,BARE,10,,,,,
20,9,2025,263,18,NW,ThFi,100,,,,,
20,9,2025,263,18,NW,SaTr,12,,,,,
20,9,2025,263,18,NW,ArHu,25,,,,,
20,9,2025,263,18,NW,ChIn,5,,,,,
20,9,2025,263,18,NW,GlPu,3,,,,,
20,9,2025,263,18,NW,LITT,7,,,,,
20,9,2025,263,18,NW,BARE,3,,,,,
20,9,2025,263,20,SW,SaTr,50,,,,,
20,9,2025,263,20,SW,ThFi,27,,,,,
20,9,2025,263,20,SW,BoGr,8,,,,,
20,9,2025,263,20,SW,LITT,15,,,,,
20,9,2025,263,20,SW,BARE,10,,,,,
20,9,2025,263,21,SE,ChIn,27,,,,,
20,9,2025,263,21,SE,ThFi,33,,,,,
20,9,2025,263,21,SE,LaCo,3,,,,,
20,9,2025,263,21,SE,ArHu,4,,,,,
20,9,2025,263,21,SE,BoGr,2,,,,,
20,9,2025,263,21,SE,SoEl,1,,,,,
20,9,2025,263,21,SE,LITT,20,,,,,
20,9,2025,263,21,SE,BARE,15,,,,,
20,9,2025,263,28,SW,SaTr,95,,,,,
20,9,2025,263,28,SW,LITT,5,,,,,
20,9,2025,263,27,SW,SaTr,15,,,,,
20,9,2025,263,27,SW,LaCo,5,,,,,
20,9,2025,263,27,SW,ChIn,15,,,,,
20,9,2025,263,27,SW,ThFi,20,,,,,
20,9,2025,263,27,SW,LITT,35,,,,,
20,9,2025,263,27,SW,BARE,5,,,,,
20,9,2025,263,27,SW,ZiGr,3,,,,,
20,9,2025,263,24,SE,ChIn,45,,,,,
20,9,2025,263,24,SE,SaTr,35,,,,,
20,9,2025,263,24,SE,ThFi,10,,,,,
20,9,2025,263,24,SE,LITT,22,,,,,
20,9,2025,263,24,SE,BARE,6,,,,,
20,9,2025,263,23,NW,SaTr,43,,,,,
20,9,2025,263,23,NW,ChIn,25,,,,,
20,9,2025,263,23,NW,ThFi,17,,,,,
20,9,2025,263,23,NW,BoGr,3,,,,,
20,9,2025,263,23,NW,LITT,20,,,,,
20,9,2025,263,23,NW,BARE,7,,,,,
20,9,2025,263,29,NE,ChIn,30,,,,,
20,9,2025,263,29,NE,SaTr,7,,,,,
20,9,2025,263,29,NE,LaCo,4,,,,,
20,9,2025,263,29,NE,ThFi,10,,,,,
20,9,2025,263,29,NE,LITT,20,,,,,
20,9,2025,263,29,NE,BARE,10,,,,,
20,9,2025,263,30,NW,SaTr,17,,,,,
20,9,2025,263,30,NW,ChIn,10,,,,,
20,9,2025,263,30,NW,SoEl,1,,,,,
20,9,2025,263,30,NW,ThFi,35,,,,,
20,9,2025,263,30,NW,LITT,20,,,,,
20,9,2025,263,30,NW,BARE,15,,,,,
20,9,2025,263,30,NW,PoOl,1,,,,,
20,9,2025,263,32,SE,ThFi,45,,,,,
20,9,2025,263,32,SE,SaTr,27,,,,,
20,9,2025,263,32,SE,ChIn,3,,,,,
20,9,2025,263,32,SE,SoEl,1,,,,,
20,9,2025,263,32,SE,BoGr,1,,,,,
20,9,2025,263,32,SE,LITT,17,,,,,
20,9,2025,263,32,SE,BARE,6,,,,,
20,9,2025,263,33,NE,ChIn,32,,,,,
20,9,2025,263,33,NE,ThFi,10,,,,,
20,9,2025,263,33,NE,LITT,30,,,,,
20,9,2025,263,33,NE,BARE,33,,,,,
20,9,2025,263,34,NE,SaTr,40,,,,,
20,9,2025,263,34,NE,LaCo,25,,,,,
20,9,2025,263,34,NE,ChIn,11,,,,,
20,9,2025,263,34,NE,BARE,1,,,,,
20,9,2025,263,34,NE,LITT,82,,,,,
20,9,2025,263,35,NW,SaTr,45,,,,,
20,9,2025,263,35,NW,ThFi,40,,,,,
20,9,2025,263,35,NW,SoEl,2,,,,,
20,9,2025,263,35,NW,BoGr,3,,,,,
20,9,2025,263,35,NW,ChIn,5,,,,,
20,9,2025,263,35,NW,GlPu,8,,,,,
20,9,2025,263,35,NW,PoOl,2,,,,,
20,9,2025,263,35,NW,LITT,35,,,,,
20,9,2025,263,35,NW,BARE,3,,,,,
20,9,2025,263,42,SE,BoGr,17,,,,,
20,9,2025,263,42,SE,ThFi,41,,,,,
20,9,2025,263,42,SE,SaTr,2,,,,,
20,9,2025,263,42,SE,LITT,60,,,,,
20,9,2025,263,42,SE,BARE,7,,,,,
20,9,2025,263,39,NE,SaTr,27,,,,,
20,9,2025,263,39,NE,ChIn,22,,,,,
20,9,2025,263,39,NE,LaCo,5,,,,,
20,9,2025,263,39,NE,ThFi,8,,,,,
20,9,2025,263,39,NE,LITT,35,,,,,
20,9,2025,263,39,NE,BARE,8,,,,,
20,9,2025,263,39,NE,BoGr,2,,,,,
20,9,2025,263,37,SW,BoGr,50,,,,,
20,9,2025,263,37,SW,SaTr,20,,,,,
20,9,2025,263,37,SW,ChIn,2,,,,,
20,9,2025,263,37,SW,ThFi,8,,,,,
20,9,2025,263,37,SW,SoEl,3,,,,,
20,9,2025,263,37,SW,BaSc,1,,,,,
20,9,2025,263,37,SW,LITT,32,,,,,
20,9,2025,263,37,SW,BARE,6,,,,,
20,9,2025,263,36,SW,LaCo,2,,,,,
20,9,2025,263,36,SW,ThFi,45,,,,,
20,9,2025,263,36,SW,SaTr,25,,,,,
20,9,2025,263,36,SW,BoGr,4,,,,,
20,9,2025,263,36,SW,GlPu,1,,,,,
20,9,2025,263,36,SW,BaSc,1,,,,,
20,9,2025,263,36,SW,SoEl,2,,,,,
20,9,2025,263,36,SW,LITT,20,,,,,
20,9,2025,263,36,SW,BARE,1,,,,,
20,9,2025,263,36,SW,ChIn,,,,,,